Date,WSR0,WSR1,WSR2,WSR3,WSR4,WSR5,WSR6,WSR7,WSR8,WSR9,WSR10,WSR11,WSR12,WSR13,WSR14,WSR15,WSR16,WSR17,WSR18,WSR19,WSR20,WSR21,WSR22,WSR23,WSR_PK,WSR_AV,T0,T1,T2,T3,T4,T5,T6,T7,T8,T9,T10,T11,T12,T13,T14,T15,T16,T17,T18,T19,T20,T21,T22,T23,T_PK,T_AV,T85,RH85,U85,V85,HT85,T70,RH70,U70,V70,HT70,T50,RH50,U50,V50,HT50,KI,TT,SLP,SLP_,Precp,Class,intercept
4/30/1998,0.0,0.6,0.2,0.3,0.6,1.0,1.3,1.9,1.3,0.4,1.1,0.5,1.2,1.3,2.3,2.6,3.3,2.8,1.3,2.8,3.0,3.1,2.8,2.5,3.3,1.6,13.6,12.8,12.1,11.7,11.2,11.4,12.3,14.9,18.0,21.2,23.2,24.9,25.7,26.8,27.9,28.7,28.9,28.6,27.0,23.5,22.1,20.8,19.8,19.1,28.9,20.3,12.4,0.49,4.65,-2.21,1507.0,3.1,0.43,6.94,0.18,3110.0,-15.1,0.22,17.14,5.87,5745,16.4,43.5,10145,-10,0.0,1.0,1.0
5/12/1998,0.8,0.4,0.3,1.4,2.4,2.1,2.7,2.7,4.0,4.2,4.3,4.0,3.7,4.1,4.4,4.9,4.5,4.3,3.6,2.5,2.6,2.0,1.7,2.2,4.9,2.9,20.4,20.2,20.4,20.9,21.4,22.0,22.7,23.6,24.8,26.2,27.9,28.9,29.2,29.1,29.1,28.7,27.6,26.7,25.3,24.1,23.9,23.4,22.7,22.3,29.2,24.6,20.4,0.23,1.18,3.55,1492.5,9.2,0.21,4.13,0.3,3131.0,-9.5,0.21,20.14,-4.56,5830,8.3,37.8,10095,-15,0.0,0.0,1.0
5/18/1998,0.0,0.2,0.0,0.5,0.1,0.4,0.5,0.6,1.3,1.7,1.5,1.6,2.6,2.4,2.4,2.9,3.2,3.3,3.2,2.4,1.8,1.7,1.2,1.0,3.3,1.5,21.1,20.2,19.8,19.2,18.8,18.8,20.1,21.9,25.7,28.7,30.8,32.4,33.4,33.8,34.4,34.3,32.9,31.7,29.6,27.5,25.7,24.3,22.9,21.4,34.4,26.2,19.0,0.2,2.14,-1.8,1583.0,12.1,0.22,2.28,-1.76,3232.0,-10.7,0.59,5.38,-2.8,5935,5.7,36.4,10190,-10,0.0,1.0,1.0
5/29/1998,1.5,1.3,0.8,0.9,0.9,1.0,1.1,2.5,2.2,1.4,2.0,1.6,0.8,0.5,0.9,0.9,1.0,2.8,2.7,3.1,2.8,1.0,1.2,0.7,3.1,1.5,25.2,24.8,24.5,24.2,24.2,24.1,24.9,27.0,28.2,29.1,31.0,31.8,33.2,33.7,34.7,35.9,35.8,34.1,32.4,30.4,29.1,28.0,27.1,26.1,35.9,29.1,18.7,0.74,-1.12,1.37,1549.5,9.9,0.26,0.81,-1.56,3188.0,-8.4,0.19,3.57,-2.0,5890,22.95,49.35,10140,5,0.0,1.0,1.0
8/1/1998,0.9,1.1,0.8,1.4,0.8,0.7,2.0,2.9,2.2,1.7,0.8,0.4,0.3,1.7,1.8,2.2,2.5,3.1,2.7,2.6,2.3,2.1,1.7,1.8,3.1,1.7,26.6,25.8,25.6,25.7,25.4,25.3,25.7,26.4,28.6,30.6,32.8,35.2,36.9,37.6,38.4,39.1,38.8,37.9,36.2,33.3,31.1,29.8,28.9,28.3,39.1,31.2,22.5,0.41,-4.75,-0.87,1599.0,9.7,0.39,-5.18,-2.96,3246.0,-5.7,0.19,-4.96,-1.06,5965,23.2,42.4,10180,5,0.0,1.0,1.0
8/2/1998,1.7,0.8,1.1,1.1,0.1,0.3,0.3,2.1,3.5,3.0,2.7,2.6,1.7,1.5,0.9,2.1,2.3,2.1,1.9,3.5,2.8,2.1,1.9,1.5,3.5,1.8,27.8,27.1,26.3,26.3,25.8,25.5,26.0,28.1,29.7,31.7,33.5,35.3,36.8,37.3,38.6,39.5,39.3,38.9,37.4,34.7,32.5,31.3,30.4,29.6,39.5,32.1,21.5,0.64,-3.29,-4.47,1591.0,9.4,0.7,-4.48,-1.99,3241.5,-5.4,0.17,-4.33,-2.78,5955,35.65,46.4,10165,-15,0.0,1.0,1.0
8/3/1998,2.2,0.9,0.7,0.4,0.3,0.9,0.6,0.7,0.1,0.7,1.3,0.4,0.4,1.1,1.9,5.4,3.8,3.6,2.7,3.5,3.0,2.2,2.1,1.4,5.4,1.7,28.9,28.4,28.4,28.3,27.7,27.9,28.3,29.7,31.4,33.0,34.3,35.9,37.3,37.1,38.0,35.4,32.8,31.9,30.7,30.7,30.2,29.7,29.4,29.1,38.0,31.4,19.9,0.74,-1.59,-1.55,1564.5,9.2,0.7,-5.53,-9.57,3213.0,-5.8,0.62,-2.35,-3.8,5920,35.55,46.55,10145,-20,0.03,0.0,1.0
8/4/1998,1.5,1.7,1.1,0.8,0.9,1.1,1.2,1.7,1.0,0.9,1.4,2.2,1.8,2.5,2.4,3.4,4.5,4.2,4.2,2.7,2.5,2.1,1.5,1.0,4.5,2.0,28.7,28.7,28.5,28.1,27.4,27.1,27.4,28.7,30.1,31.7,32.9,34.0,35.4,36.1,37.2,36.6,36.1,34.7,32.9,31.7,30.7,29.9,29.7,28.9,37.2,31.4,18.5,0.63,-3.66,-0.62,1561.5,9.8,0.55,-8.44,-4.87,3202.5,-4.9,0.12,-3.43,-2.18,5920,25.75,39.15,10150,5,0.0,0.0,1.0
8/9/1998,1.6,1.3,0.8,0.7,0.8,0.1,0.4,0.8,2.2,2.6,2.1,1.3,1.2,1.8,1.5,1.9,4.1,1.8,3.1,3.0,3.1,2.3,2.1,1.2,4.1,1.7,27.7,27.4,26.9,26.6,26.3,26.1,26.3,28.1,30.0,31.5,32.6,34.1,35.2,36.0,36.6,37.0,32.9,31.8,32.4,30.7,30.1,29.2,28.4,27.8,37.0,30.5,19.1,0.54,2.31,0.0,1592.5,8.2,0.66,5.42,-1.5,3230.0,-7.9,0.41,6.75,0.53,5925,30.15,44.0,10190,30,0.0,0.0,1.0
8/11/1998,1.2,1.1,1.3,0.8,0.6,0.6,0.5,1.7,2.9,2.3,1.9,1.3,0.5,1.3,0.2,3.0,3.4,3.7,3.8,3.0,3.0,2.0,1.7,1.4,3.8,1.8,27.7,27.2,26.8,26.4,26.1,25.9,26.3,28.3,29.9,30.8,32.9,33.9,35.4,35.8,36.3,35.7,35.7,34.9,33.0,31.2,30.4,29.6,28.9,28.3,36.3,30.7,19.5,0.54,-2.31,1.25,1567.0,8.4,0.53,-2.63,-0.29,3205.0,-6.2,0.12,1.21,0.35,5910,26.7,41.9,10155,-25,0.0,0.0,1.0
8/13/1998,1.7,1.9,2.3,2.0,1.6,1.4,1.4,2.8,3.5,3.6,4.0,3.7,3.5,4.4,6.7,4.1,3.4,2.8,2.8,2.2,0.4,0.7,0.4,0.5,6.7,2.6,28.4,28.2,27.9,27.8,27.4,27.1,27.5,29.6,30.3,31.4,33.0,34.4,35.6,36.2,33.1,27.5,27.4,27.2,26.6,26.7,26.8,26.4,25.9,25.5,36.2,29.1,19.4,0.6,1.85,0.97,1578.0,9.0,0.4,1.63,0.33,3217.0,-6.7,0.4,7.55,-0.8,5920,25.0,44.2,10165,15,0.0,0.0,1.0
8/30/1998,1.1,1.8,1.6,1.2,1.3,1.5,1.5,0.8,2.1,2.3,2.1,2.1,1.9,1.7,2.4,2.7,2.5,2.9,1.7,1.2,2.1,0.9,1.3,0.9,2.9,1.7,26.9,27.4,26.8,26.3,26.1,25.8,25.8,27.0,29.2,30.6,31.8,32.4,33.2,33.9,33.7,33.3,33.1,31.1,25.3,25.2,24.9,24.6,24.6,24.4,33.9,28.5,20.9,0.64,-4.13,-2.18,1555.5,9.7,0.3,-4.3,-1.7,3201.5,-6.6,0.37,0.47,2.64,5910,24.9,48.0,10130,-5,0.51,1.0,1.0
8/31/1998,0.7,0.8,1.1,1.2,1.5,1.4,1.1,1.6,1.5,2.0,1.7,1.9,2.2,2.3,2.0,2.4,2.3,2.5,1.9,4.0,1.8,1.4,0.6,1.3,4.0,1.7,24.4,24.6,24.6,24.4,24.3,24.1,24.2,24.6,25.4,26.1,26.7,27.3,29.4,31.1,31.7,32.1,32.3,31.2,28.6,25.8,23.4,23.7,23.7,23.7,32.3,26.6,18.0,0.85,-4.25,1.14,1544.0,8.5,0.56,-5.69,2.21,3179.0,-6.8,0.42,-0.45,4.04,5885,31.4,46.85,10130,0,0.0,0.0,1.0
9/1/1998,1.0,0.9,0.9,1.4,2.3,2.3,1.9,2.1,2.1,2.7,3.3,3.7,3.8,3.8,3.3,2.9,3.9,3.5,1.9,0.8,0.1,0.4,0.4,0.7,3.9,2.1,23.8,23.5,23.3,23.1,23.0,23.2,23.3,24.6,26.9,28.8,30.7,32.1,32.7,33.1,33.9,32.2,33.4,32.8,31.6,30.1,28.6,27.8,27.1,26.6,33.9,28.2,18.3,0.71,-8.67,-0.94,1517.5,8.5,0.63,-7.8,-2.28,3153.0,-6.6,0.62,-1.47,0.53,5860,30.75,44.05,10105,-25,0.0,0.0,1.0
9/3/1998,0.2,0.4,0.2,0.2,0.2,0.4,0.6,1.4,1.4,0.4,0.7,1.5,1.3,1.1,1.6,1.8,2.2,2.0,1.6,1.6,1.7,1.7,1.3,1.1,2.2,1.1,25.9,26.0,25.3,25.5,25.1,25.4,26.0,27.9,29.7,31.4,33.8,35.0,35.6,36.0,36.4,36.5,36.0,34.6,32.8,31.3,30.2,29.5,28.6,28.2,36.5,30.5,18.9,0.54,-3.16,-7.35,1494.0,9.2,0.34,-2.61,-10.57,3131.5,-4.2,0.14,5.54,-8.58,5850,16.0,36.7,10070,10,0.0,1.0,1.0
8/6/1999,0.6,0.6,0.7,0.3,0.4,0.5,0.9,1.5,1.5,1.7,0.5,0.9,1.2,2.0,1.0,1.0,2.3,3.1,1.8,1.4,1.2,1.2,0.5,1.1,3.1,1.2,27.2,26.9,26.7,26.1,25.8,25.7,25.9,27.4,29.3,30.8,32.3,33.3,33.7,34.4,33.3,35.1,34.6,32.7,31.9,31.2,30.4,29.7,28.7,28.2,35.1,30.1,19.5,0.66,-3.41,-3.64,1539.0,8.2,0.78,-3.31,-3.05,3180.0,-4.4,0.15,-5.38,-1.55,5895,33.35,41.3,10115,-10,0.03,1.0,1.0
8/7/1999,0.4,0.8,0.4,0.2,0.0,0.1,0.2,1.3,1.8,1.3,1.0,2.0,1.5,2.0,2.9,3.7,2.5,2.5,1.8,1.7,1.9,2.1,1.8,1.6,3.7,1.5,27.4,26.5,25.9,25.4,25.2,24.8,25.4,27.4,29.2,30.6,31.9,33.0,33.8,34.7,34.2,32.7,32.2,32.7,32.1,30.7,29.7,29.1,28.5,28.1,34.7,29.6,19.4,0.66,-1.56,0.02,1549.5,9.6,0.56,-1.83,-0.97,3190.0,-3.9,0.16,-0.5,0.91,5915,27.7,40.1,10130,15,0.0,1.0,1.0
8/18/1999,0.5,0.7,0.5,0.2,0.1,0.8,0.7,1.0,2.0,2.0,1.3,1.4,0.8,0.4,1.5,1.0,1.7,2.1,2.2,1.7,1.4,1.5,1.5,1.4,2.2,1.2,26.7,25.9,25.4,25.4,24.9,25.0,25.4,27.1,28.5,29.7,31.2,32.0,33.1,34.0,34.7,34.9,35.4,34.8,32.8,31.3,30.2,29.4,28.6,27.9,35.4,29.8,19.3,0.73,-3.01,0.42,1578.0,9.4,0.72,-3.79,-0.01,3220.5,-4.3,0.16,-10.93,-3.41,5945,33.1,42.2,10170,-5,0.0,1.0,1.0
8/20/1999,1.7,1.4,1.4,1.6,1.6,1.1,1.0,1.4,1.8,2.2,2.2,2.2,1.6,0.9,1.7,1.9,3.9,2.1,0.4,1.2,0.9,1.4,1.2,1.1,3.9,1.6,27.6,27.1,26.6,26.4,26.1,25.7,25.6,27.2,29.3,31.4,33.4,34.8,36.1,37.7,38.3,38.7,32.9,28.8,29.2,29.4,29.5,29.3,29.1,28.0,38.7,30.3,21.5,0.58,-0.07,-3.82,1549.5,9.4,0.55,-4.74,-2.55,3196.0,-6.0,0.1,-4.42,-4.68,5905,32.0,46.5,10125,-5,0.58,0.0,1.0
8/22/1999,1.3,1.2,1.4,1.2,1.7,2.1,2.0,2.6,3.3,3.8,4.1,3.8,4.3,4.7,4.4,3.6,3.4,3.2,2.2,2.0,1.5,1.2,1.1,1.3,4.7,2.6,26.9,26.2,25.9,25.6,25.8,25.9,26.1,27.3,29.4,30.7,31.9,32.6,32.9,32.7,32.3,31.9,31.5,30.9,30.1,29.2,28.6,28.2,27.8,27.1,32.9,29.1,19.8,0.61,-5.4,1.31,1544.0,10.2,0.28,-2.28,-1.16,3186.0,-5.1,0.02,-4.99,-1.95,5905,19.7,41.8,10130,-5,0.0,0.0,1.0
8/26/1999,1.4,1.3,0.9,1.1,1.1,1.7,1.5,2.7,3.8,3.8,2.7,1.6,1.3,0.9,0.7,1.0,0.7,3.0,3.4,3.3,2.6,2.0,1.3,1.3,3.8,1.9,27.2,26.7,26.2,25.7,25.5,25.4,25.4,27.1,28.9,30.4,31.6,32.7,33.6,34.6,35.5,36.1,36.6,34.8,32.7,31.4,30.4,29.6,28.6,27.8,36.6,30.2,19.9,0.77,1.61,-0.96,1542.0,10.8,0.34,0.93,-4.25,3188.5,-5.6,0.03,0.33,-5.45,5905,20.75,46.85,10120,5,0.0,0.0,1.0
8/27/1999,1.6,2.0,1.8,1.3,1.7,1.6,2.4,3.2,3.4,2.9,2.0,1.3,0.2,1.3,1.3,3.9,4.5,3.8,2.4,2.0,1.4,1.0,0.6,0.4,4.5,2.0,27.4,27.3,26.9,26.4,26.2,25.8,26.0,27.3,28.6,29.9,31.4,32.8,34.3,35.0,35.8,33.8,32.4,31.6,30.4,29.3,28.5,28.1,27.6,27.1,35.8,29.6,21.0,0.55,-4.23,-0.92,1545.5,10.0,0.45,-5.46,-3.29,3191.5,-6.1,0.03,1.98,-3.43,5905,27.1,44.7,10120,0,0.0,0.0,1.0
8/29/1999,0.4,0.3,0.4,0.4,0.5,0.6,0.7,0.7,1.1,1.3,1.8,2.1,3.9,1.4,2.0,2.5,2.2,1.3,1.2,0.8,0.3,0.3,0.5,0.8,3.9,1.1,25.8,26.4,25.8,25.2,25.1,25.1,25.1,26.8,28.7,30.6,32.4,33.6,31.4,28.5,28.6,29.6,30.6,31.2,29.7,27.8,26.7,25.8,24.9,25.1,33.6,27.9,18.3,0.74,-0.33,-2.27,1544.5,8.3,0.26,-0.2,-6.14,3175.5,-6.4,0.08,-3.55,-7.62,5885,19.8,44.7,10125,-10,0.0,0.0,1.0
8/31/1999,0.5,0.0,0.5,0.2,0.5,1.0,0.2,1.3,1.1,1.6,1.0,2.0,2.1,1.3,3.2,3.8,0.6,0.5,1.4,0.8,1.0,1.1,0.9,1.4,3.8,1.2,26.1,25.6,25.4,25.4,25.0,24.1,24.7,26.1,28.4,30.2,32.0,32.8,33.2,33.8,31.9,21.2,22.8,24.0,23.4,23.5,23.7,23.6,23.4,23.4,33.8,26.4,19.1,0.64,-2.71,-0.52,1536.0,6.8,0.68,-4.0,-5.86,3168.5,-7.9,0.34,-9.69,-7.98,5860,33.4,46.8,10115,-5,0.0,0.0,1.0
9/3/1999,0.5,0.6,0.3,0.1,0.3,1.0,0.9,1.7,0.3,0.6,1.3,1.8,3.4,3.7,4.6,3.8,3.4,3.0,2.5,2.0,2.0,1.6,1.8,1.6,4.6,1.8,26.3,25.5,25.2,24.8,24.4,24.6,24.7,26.1,27.7,29.2,30.4,31.4,31.8,31.8,31.2,31.1,30.7,30.1,29.1,28.0,27.3,26.8,26.7,26.4,31.8,28.0,18.1,0.8,-1.53,1.14,1532.0,8.9,0.36,4.46,3.45,3170.0,-4.7,0.11,6.26,1.29,5885,23.35,42.05,10125,-5,0.0,0.0,1.0
9/4/1999,0.9,0.7,0.4,1.1,0.4,0.7,0.2,0.5,2.2,2.4,1.9,1.8,3.8,2.4,1.9,2.4,3.0,3.2,2.7,2.6,2.2,1.6,1.3,0.9,3.8,1.7,26.1,25.7,25.2,25.1,25.1,24.9,25.1,26.8,28.9,30.3,31.1,32.0,31.2,24.6,26.2,28.2,30.1,30.3,29.4,28.4,27.9,27.5,27.1,26.6,32.0,27.7,18.4,0.68,2.94,4.21,1540.5,9.0,0.73,2.34,0.99,3179.5,-6.3,0.04,3.48,-1.83,5885,32.45,43.4,10135,10,0.0,0.0,1.0
9/5/1999,1.0,0.3,0.5,0.3,0.0,0.0,0.4,0.3,0.9,1.8,1.3,1.9,1.8,2.3,2.8,3.5,4.5,3.7,3.0,1.4,0.9,1.4,1.0,1.0,4.5,1.5,26.2,25.9,25.2,25.1,24.6,24.1,24.6,26.6,28.5,29.8,30.6,31.9,32.8,33.8,33.8,33.0,33.2,31.3,30.2,29.1,28.2,27.4,27.1,26.6,33.8,28.7,18.9,0.64,1.95,2.26,1543.0,9.8,0.6,0.53,2.97,3186.0,-6.9,0.64,-0.2,0.62,5895,30.2,44.6,10135,0,0.0,0.0,1.0
9/6/1999,0.9,0.4,0.8,0.4,0.8,0.2,0.5,1.6,1.4,1.1,1.0,1.5,1.1,1.4,2.0,3.3,3.4,2.4,1.9,1.9,1.3,1.4,0.9,1.0,3.4,1.4,26.2,25.6,25.4,24.7,23.9,23.9,23.9,25.6,27.1,28.6,29.8,30.8,32.0,33.2,33.7,33.1,32.8,32.0,30.7,29.7,28.7,27.8,27.2,26.5,33.7,28.4,18.8,0.66,1.27,1.3,1547.0,9.3,0.59,2.6,0.71,3187.5,-6.3,0.54,2.72,0.68,5895,29.9,43.7,10135,0,0.0,1.0,1.0
9/7/1999,0.9,0.6,0.2,0.7,0.5,0.6,0.3,0.8,0.4,1.2,1.4,1.8,1.8,4.5,3.7,3.1,3.4,3.2,2.4,3.1,2.2,1.9,1.1,1.0,4.5,1.7,26.2,25.5,24.7,24.3,24.2,24.1,24.2,26.1,27.9,29.2,30.2,31.5,32.6,29.2,31.3,32.6,32.9,31.8,30.6,29.8,28.6,27.9,27.2,26.6,32.9,28.3,18.3,0.79,0.7,-1.98,1540.0,9.0,0.64,6.08,-0.53,3178.5,-6.4,0.56,5.42,-0.62,5890,32.8,45.7,10125,-10,0.0,0.0,1.0
9/8/1999,0.8,1.0,0.9,1.0,0.6,0.7,0.7,1.8,1.9,2.0,1.7,1.7,1.3,1.5,2.0,1.9,1.9,2.4,4.1,2.0,0.9,0.6,1.0,0.2,4.1,1.4,26.3,26.0,25.6,25.2,25.0,24.9,24.9,26.4,28.2,29.9,31.0,31.6,32.9,33.9,34.1,34.8,34.6,32.8,27.8,26.3,25.7,25.1,25.0,24.9,34.8,28.4,19.3,0.62,2.37,-0.88,1526.5,9.1,0.56,4.19,-1.1,3167.5,-7.9,0.52,8.39,-0.71,5875,30.25,46.9,10110,-15,0.0,0.0,1.0
9/13/1999,0.1,0.4,0.3,0.6,0.8,1.1,1.6,2.1,2.8,3.5,3.6,3.3,2.2,2.5,3.2,2.9,2.7,2.7,3.8,3.5,3.4,3.6,3.5,2.8,3.8,2.4,23.6,23.2,22.8,22.5,22.2,22.2,22.4,24.1,26.6,27.9,29.4,30.4,31.6,32.9,33.7,33.5,33.4,32.8,30.1,28.4,27.7,26.9,26.2,25.6,33.7,27.5,17.0,0.65,-3.31,-0.71,1560.0,9.3,0.28,-4.04,-3.19,3192.5,-6.5,0.15,1.37,1.52,5885,9.15,40.15,10155,20,0.0,0.0,1.0
9/21/1999,1.9,1.7,1.1,1.0,2.6,3.5,3.8,4.4,4.6,4.9,4.5,4.9,5.0,4.6,5.1,4.5,4.3,4.1,3.7,3.8,3.0,2.3,1.7,1.2,5.1,3.4,25.3,24.8,23.5,22.8,24.4,24.8,24.6,24.3,24.1,24.2,25.5,26.6,27.6,28.3,28.3,27.6,27.3,26.6,25.1,23.6,22.3,21.3,20.3,19.4,28.3,24.7,18.3,0.69,1.24,-2.34,1530.0,8.4,0.54,3.84,-12.19,3165.5,-5.0,0.09,15.08,-10.15,5865,26.7,40.7,10110,5,0.0,0.0,1.0
9/23/1999,0.4,0.4,0.7,0.7,0.8,0.7,0.8,1.3,2.1,2.4,2.1,1.0,1.4,0.6,0.7,1.2,1.9,2.1,2.1,2.0,1.5,1.1,0.6,0.1,2.4,1.2,14.5,13.8,13.8,13.4,12.7,12.2,12.1,15.1,19.2,22.7,24.2,25.2,26.0,26.9,27.6,28.2,28.1,26.9,24.6,22.5,20.8,19.7,18.9,17.3,28.2,20.3,11.9,0.22,-1.59,-5.4,1523.0,8.7,0.09,-2.26,-5.7,3138.5,-9.4,0.03,-3.0,-8.27,5830,-31.3,12.6,10160,0,0.0,1.0,1.0
10/26/1999,0.2,0.1,0.3,0.3,0.1,0.3,0.0,0.4,1.1,1.1,1.4,1.3,0.9,1.0,0.8,1.7,2.9,2.8,1.9,1.8,1.1,0.9,0.8,0.3,2.9,1.0,11.7,11.2,10.9,10.4,10.1,10.4,10.3,11.9,16.7,20.1,21.9,23.2,24.3,25.2,26.0,26.4,25.5,23.1,20.7,19.2,18.1,17.5,16.3,14.6,26.4,17.7,14.1,0.2,-4.37,-4.91,1575.0,4.1,0.1,-0.04,-2.55,3181.0,-11.6,0.06,3.8,-6.66,5845,-9.2,29.4,10235,-5,0.0,1.0,1.0
11/8/1999,0.6,0.3,0.3,0.1,0.0,0.1,0.1,0.4,1.1,1.1,0.5,1.9,1.7,1.5,1.7,2.0,2.5,2.0,2.0,1.7,1.1,0.8,0.2,0.1,2.5,1.0,12.3,11.7,10.9,10.3,9.9,9.6,9.5,10.9,15.0,18.7,21.7,23.3,23.9,24.5,24.9,24.9,24.1,22.3,20.2,18.6,17.0,15.6,13.8,12.7,24.9,16.9,12.7,0.09,-1.91,-0.79,1590.0,6.8,0.01,0.92,-0.74,3199.0,-11.5,0.15,7.36,-0.06,5875,-39.1,18.4,10245,-40,0.0,1.0,1.0
11/10/1999,0.7,0.2,0.3,0.0,1.0,1.0,1.3,1.6,1.7,1.3,1.7,1.2,1.5,1.6,2.1,1.6,2.0,1.9,1.4,0.6,0.5,0.6,0.0,0.3,2.1,1.1,16.5,17.3,17.9,18.3,18.7,18.9,18.8,18.7,18.8,19.5,19.8,21.2,23.8,25.4,25.4,25.8,25.4,24.1,22.7,21.4,19.9,18.3,17.5,16.7,25.8,20.5,10.8,0.61,0.03,7.35,1566.5,6.9,0.07,0.74,-1.95,3181.5,-9.6,0.05,3.85,-1.98,5870,-7.3,32.8,10215,-5,0.0,1.0,1.0
4/26/2000,0.4,0.5,0.2,0.2,0.4,0.2,0.0,0.7,1.5,0.6,1.1,0.6,0.9,0.7,0.9,0.5,0.8,3.1,3.2,2.6,2.0,1.8,2.1,1.8,3.2,1.1,18.1,17.5,17.0,16.9,16.4,16.6,17.2,20.1,22.4,24.2,25.4,26.7,27.6,28.0,28.6,29.3,29.2,27.8,26.0,24.3,23.2,22.1,21.5,20.7,29.3,22.8,12.7,0.27,0.68,-8.67,1537.0,5.5,0.22,11.55,-11.27,3142.5,-16.0,0.45,19.54,-12.37,5785,0.9,36.4,10170,45,0.0,1.0,1.0
7/5/2000,0.9,0.4,0.9,0.4,0.3,0.5,0.7,0.8,0.6,0.5,1.1,1.7,1.9,2.4,2.4,2.7,3.1,3.4,3.0,2.5,2.0,1.7,1.6,1.0,3.4,1.5,25.4,24.4,23.9,23.4,22.3,22.0,23.3,25.8,27.6,28.7,30.4,31.4,31.9,32.6,33.2,33.4,33.1,32.6,31.6,29.8,28.5,27.5,26.9,26.3,33.4,28.2,17.1,0.66,-4.83,5.24,1557.0,7.9,0.39,-2.17,0.11,3186.5,-6.9,0.02,-6.44,0.29,5895,21.6,41.5,10160,0,0.0,1.0,1.0
7/7/2000,0.4,0.8,0.6,0.4,0.6,0.5,0.2,0.6,1.5,1.2,1.3,1.0,2.0,1.5,1.3,2.1,2.6,2.6,2.7,2.3,1.9,1.7,1.8,1.1,2.7,1.4,26.2,25.3,25.0,24.3,23.9,24.1,24.8,26.7,27.8,29.4,30.6,32.1,33.4,33.9,34.6,35.2,34.9,34.4,33.4,31.3,29.8,28.7,27.9,27.2,35.2,29.4,18.7,0.54,-1.86,-0.54,1555.0,9.3,0.3,1.47,-0.9,3190.5,-6.5,0.14,-1.57,-2.67,5905,18.4,40.9,10145,-5,0.0,1.0,1.0
7/8/2000,1.2,0.7,0.3,0.1,0.2,0.3,0.7,2.1,2.1,1.4,0.9,0.9,2.0,2.1,2.9,3.0,2.7,2.6,3.0,2.1,1.6,1.7,1.4,1.0,3.0,1.5,26.7,25.9,25.2,24.5,24.1,24.2,25.1,26.9,28.1,29.6,31.3,32.4,33.4,34.2,34.6,35.3,35.3,34.9,33.7,31.9,30.3,29.1,28.0,27.2,35.3,29.7,18.6,0.71,-2.83,0.91,1568.0,9.3,0.56,-5.78,2.51,3205.5,-5.3,0.22,-7.29,-1.49,5920,28.4,42.2,10155,10,0.0,1.0,1.0
7/26/2000,1.1,0.6,0.5,0.8,0.8,0.8,0.2,1.0,1.3,1.5,0.8,1.0,2.1,2.3,2.5,2.7,3.7,3.8,3.4,2.6,2.2,1.6,1.0,0.8,3.8,1.6,26.6,25.9,25.6,25.9,25.8,25.7,25.8,27.4,29.1,30.3,31.4,32.4,32.9,33.7,33.9,34.1,33.6,32.5,31.1,29.4,28.4,27.6,26.6,25.9,34.1,29.2,16.8,0.55,-0.44,-0.12,1545.0,8.4,0.05,-3.79,-3.82,3165.5,-8.1,0.02,-2.76,-6.96,5865,-1.3,40.8,10140,0,0.0,1.0,1.0
7/27/2000,0.3,0.4,0.2,0.6,0.3,0.5,0.8,0.2,1.0,1.3,0.8,1.0,1.0,0.8,2.3,1.8,4.4,3.8,3.4,3.4,3.0,2.6,1.7,0.8,4.4,1.5,24.7,23.4,22.8,22.9,22.3,22.0,23.1,25.7,27.8,28.9,30.3,31.6,32.7,33.3,33.8,34.2,32.6,32.0,31.4,30.1,28.8,28.1,27.6,26.8,34.2,28.2,17.1,0.62,-3.8,2.48,1559.0,9.2,0.03,-2.78,-1.81,3183.5,-10.5,0.16,-2.11,-7.33,5865,-3.3,47.7,10160,20,0.0,0.0,1.0
7/28/2000,0.9,0.7,0.5,0.7,1.0,0.4,0.7,0.6,1.5,1.2,1.0,1.3,3.1,4.8,4.8,3.7,3.2,4.1,3.8,2.5,2.7,1.7,1.1,2.1,4.8,2.0,26.3,25.8,24.8,24.2,24.3,24.3,25.1,26.9,28.2,29.9,30.9,32.4,32.6,31.8,32.7,33.2,33.7,32.6,31.1,29.8,28.9,28.2,27.2,26.7,33.7,28.8,16.4,0.64,-0.18,4.81,1563.0,7.7,0.41,-4.59,0.47,3190.5,-7.6,0.14,-4.53,-0.37,5875,21.15,40.75,10165,5,0.0,0.0,1.0
7/29/2000,1.7,1.6,1.3,0.9,0.9,1.3,1.6,2.8,3.3,2.5,2.5,2.4,1.1,2.3,1.8,4.6,4.5,4.2,4.2,3.4,3.1,3.7,2.8,2.4,4.6,2.5,26.1,25.8,25.3,24.8,24.3,24.2,25.0,26.9,28.5,29.9,31.1,32.2,32.7,33.6,34.5,33.1,31.3,31.4,31.2,30.0,29.2,28.2,27.3,26.7,34.5,28.9,17.5,0.6,4.04,2.54,1545.5,7.2,0.53,1.48,2.11,3174.5,-7.0,0.26,-0.77,1.08,5875,25.0,41.0,10140,-25,0.0,0.0,1.0
7/30/2000,2.6,2.5,1.9,1.4,1.2,0.6,1.5,2.1,3.2,4.3,4.3,3.5,3.5,3.2,1.3,2.9,1.6,1.7,1.5,1.6,1.7,1.2,1.4,2.0,4.3,2.2,26.4,26.2,26.1,25.4,25.2,24.7,25.0,26.0,27.6,29.4,31.1,32.5,33.6,32.4,31.5,28.9,30.9,30.8,30.5,29.5,29.0,28.0,27.6,27.2,33.6,28.6,18.4,0.64,3.55,1.51,1532.0,7.5,0.66,5.01,0.97,3165.0,-6.9,0.33,6.89,-0.95,5870,30.65,43.6,10125,-15,0.03,0.0,1.0
8/3/2000,0.9,0.6,0.5,0.2,0.7,0.2,0.1,0.8,2.1,1.6,1.2,1.5,1.1,1.4,1.4,2.5,3.0,3.8,4.0,2.8,2.5,2.4,1.4,1.4,4.0,1.6,25.2,24.8,24.6,24.2,24.0,24.1,24.2,26.0,27.8,29.2,30.4,31.2,32.2,32.9,33.6,32.7,33.3,32.1,30.7,29.2,28.2,27.6,27.0,26.6,33.6,28.4,17.9,0.58,-0.79,0.61,1545.5,7.0,0.46,-2.76,-2.67,3175.0,-7.8,0.03,2.78,2.48,5865,24.1,42.9,10140,-15,0.0,1.0,1.0
8/5/2000,1.0,1.9,2.2,1.2,0.6,0.6,0.1,1.3,2.0,2.4,2.4,1.3,2.0,2.6,3.4,4.2,4.3,4.5,4.2,3.6,3.0,2.6,2.1,1.7,4.5,2.3,25.8,25.4,25.7,25.6,25.2,24.7,25.2,26.8,28.7,29.8,30.8,31.8,32.9,33.7,33.9,32.1,31.3,31.5,30.7,29.7,28.7,27.8,27.1,26.6,33.9,28.8,17.9,0.64,1.86,1.8,1575.0,8.5,0.53,2.16,0.2,3210.5,-5.8,0.19,2.92,-1.5,5925,25.6,40.4,10175,15,0.0,0.0,1.0
8/6/2000,1.7,0.9,1.0,1.3,1.7,1.0,0.8,1.5,2.8,2.8,2.9,2.3,2.5,2.2,2.5,3.1,3.7,3.8,3.9,3.5,3.4,3.0,2.3,1.4,3.9,2.3,26.4,25.7,25.4,25.4,25.6,25.5,25.7,27.3,28.7,30.2,31.1,32.2,33.2,34.1,34.9,34.8,34.6,33.3,31.7,29.9,28.6,27.9,27.4,27.0,34.9,29.4,19.4,0.5,0.97,0.54,1561.5,8.9,0.6,3.29,-1.21,3200.0,-4.3,0.06,-0.32,-1.76,5920,24.6,36.4,10155,-20,0.0,0.0,1.0
8/7/2000,1.4,0.7,1.0,0.6,0.6,0.2,0.6,1.1,2.0,2.1,2.2,2.0,2.6,3.4,3.5,3.8,4.3,4.0,3.8,3.1,3.0,2.2,0.8,0.5,4.3,2.1,26.6,26.0,25.3,25.1,24.8,24.3,24.9,27.2,29.0,29.9,31.1,32.2,32.1,32.8,33.2,33.2,32.9,32.4,31.2,29.7,28.9,28.4,27.8,27.2,33.2,29.0,19.3,0.53,-1.88,3.28,1557.0,9.9,0.43,-2.41,0.41,3198.0,-4.7,0.1,-3.74,2.56,5925,20.8,37.5,10150,-5,0.0,0.0,1.0
8/8/2000,0.7,0.4,0.2,0.5,0.9,1.4,0.7,1.8,3.0,2.8,2.5,2.0,3.9,1.4,1.7,1.5,1.2,0.6,1.0,1.5,2.2,2.0,2.4,2.0,3.9,1.6,26.7,26.4,25.8,25.6,25.7,25.8,26.4,28.3,29.6,30.8,32.2,32.9,29.9,28.1,27.1,27.4,28.1,28.7,28.8,28.4,27.9,27.4,27.2,27.1,32.9,28.0,18.7,0.69,-3.17,4.17,1564.5,9.4,0.55,-2.95,4.95,3205.0,-6.0,0.35,-7.25,1.66,5925,28.65,43.15,10155,5,1.98,0.0,1.0
8/11/2000,1.6,1.8,1.9,2.1,2.2,1.3,1.3,2.4,3.4,3.0,1.4,0.9,1.2,1.2,0.9,1.7,2.0,2.0,5.3,2.1,1.7,1.7,0.9,1.0,5.3,1.9,26.7,26.2,25.9,25.5,25.3,24.9,25.1,26.2,27.7,29.4,31.1,32.7,33.7,34.7,35.6,36.4,36.5,36.1,29.3,28.3,27.3,26.7,26.9,26.1,36.5,29.3,20.0,0.64,0.17,-6.82,1570.0,8.6,0.73,-5.37,-3.1,3212.5,-6.2,0.3,-6.96,-5.03,5915,34.6,45.4,10155,-25,0.0,0.0,1.0
8/12/2000,1.0,0.4,0.4,0.4,0.4,0.4,0.6,1.5,0.9,0.2,1.0,1.3,1.6,2.2,0.7,2.0,1.9,2.2,2.1,2.7,1.8,0.9,0.9,0.7,2.7,1.2,25.5,25.1,25.2,24.8,24.2,24.1,24.4,25.8,27.6,29.3,30.9,32.3,33.8,34.7,35.3,36.0,35.9,35.6,34.5,32.9,31.2,30.1,28.7,27.9,36.0,29.8,20.2,0.66,-3.18,-3.45,1555.0,9.0,0.39,-2.83,-4.89,3198.5,-7.0,0.49,-4.06,-9.84,5895,26.75,47.25,10140,-15,0.0,1.0,1.0
8/13/2000,0.7,0.3,0.4,0.0,0.3,0.3,0.4,1.1,1.8,2.0,2.5,2.6,3.0,3.3,3.6,3.5,4.2,3.9,3.2,2.3,2.0,1.4,0.8,0.4,4.2,1.8,27.4,26.6,25.9,25.2,24.8,24.2,24.2,26.1,28.2,30.1,32.5,34.0,35.0,35.9,35.9,35.8,35.3,34.1,32.3,30.3,29.2,28.0,26.9,25.3,35.9,29.7,19.4,0.49,-3.57,-6.69,1534.5,9.5,0.31,-3.15,-5.27,3172.5,-4.0,0.09,-7.84,-6.06,5890,4.8,35.8,10115,-25,0.0,0.0,1.0
8/14/2000,0.2,0.1,0.4,0.9,0.8,0.8,1.3,1.9,2.4,3.3,3.5,3.8,3.8,4.2,4.9,5.1,5.1,4.7,4.5,3.3,2.1,0.7,1.1,1.3,5.1,2.5,24.8,24.3,24.1,24.3,24.4,24.0,24.7,26.7,29.4,30.9,31.8,32.8,33.1,33.5,33.6,33.1,32.9,32.2,30.9,29.8,29.1,28.8,28.0,27.3,33.6,28.9,17.8,0.78,-4.08,0.3,1540.5,11.0,0.08,-5.09,-0.76,3176.5,-4.3,0.11,-5.29,-5.57,5900,1.9,40.2,10125,10,0.0,0.0,1.0
8/15/2000,0.8,0.6,0.1,0.3,0.6,0.8,0.9,1.2,2.0,2.7,2.4,2.8,3.1,3.2,4.4,4.8,3.6,1.9,2.4,2.8,2.7,1.8,0.8,0.7,4.8,2.0,26.9,26.7,26.4,26.1,26.2,25.9,26.3,28.1,29.4,30.5,31.7,31.9,32.3,33.1,33.7,34.0,34.1,33.3,31.8,30.2,29.1,28.2,27.5,26.6,34.1,29.6,18.1,0.73,-1.47,2.31,1581.5,8.9,0.72,-0.81,3.57,3217.0,-6.1,0.42,-4.21,1.97,5930,31.95,43.4,10180,55,0.0,0.0,1.0
8/17/2000,1.4,2.0,1.7,1.8,2.3,2.1,2.3,3.6,3.8,2.9,2.3,1.0,0.9,1.2,1.7,3.2,3.3,4.0,3.8,3.1,2.8,2.6,2.5,1.5,4.0,2.4,27.2,26.6,25.9,25.7,25.3,25.0,25.2,26.6,28.3,29.8,31.4,33.3,34.7,35.7,35.8,36.0,35.9,35.1,33.7,31.9,29.9,28.7,28.0,27.2,36.0,30.1,19.8,0.61,0.09,-0.52,1589.0,7.9,0.6,-4.09,-2.92,3225.5,-6.3,0.31,-3.29,-4.22,5935,30.55,44.2,10175,-30,0.0,1.0,1.0
8/18/2000,1.0,0.8,0.3,0.7,0.4,0.2,0.2,1.3,1.9,1.4,0.6,1.2,1.4,2.0,1.9,1.9,3.7,4.1,2.9,1.8,2.5,1.6,1.7,1.7,4.1,1.5,26.4,25.6,25.0,24.7,24.1,23.7,24.1,26.0,28.0,29.6,30.9,32.3,33.7,34.7,35.4,35.9,35.7,34.6,33.2,31.0,29.5,28.1,27.1,26.7,35.9,29.4,20.9,0.28,-2.41,2.87,1577.0,10.0,0.22,-3.67,5.24,3221.0,-5.4,0.08,-6.01,0.79,5930,7.7,33.1,10165,-10,0.0,0.0,1.0
8/19/2000,1.3,1.3,1.1,0.4,1.0,0.4,0.3,0.6,1.5,1.6,0.9,1.0,1.1,1.9,1.2,2.3,3.9,3.9,3.3,2.6,2.7,2.2,1.3,1.1,3.9,1.6,26.5,25.4,24.8,24.1,23.5,23.3,23.2,25.4,27.6,29.4,31.0,32.2,33.5,34.4,35.3,35.7,34.7,33.8,32.2,30.3,28.6,27.7,26.9,25.9,35.7,29.0,20.9,0.33,-3.98,2.3,1582.0,8.1,0.34,-7.58,1.03,3222.5,-5.0,0.03,-3.53,-1.79,5930,15.3,34.8,10175,10,0.0,1.0,1.0
8/20/2000,0.6,1.1,0.6,0.3,0.3,0.3,0.3,0.1,1.7,2.2,2.5,2.1,1.5,1.9,1.6,1.4,2.6,4.1,3.8,3.1,2.5,2.3,1.8,1.3,4.1,1.7,25.2,24.5,24.1,23.7,23.2,22.9,23.3,25.7,27.6,28.9,30.7,32.3,33.4,34.6,35.1,35.9,35.7,34.1,32.4,30.6,29.2,28.3,27.7,27.2,35.9,29.0,21.2,0.48,-3.83,4.7,1586.0,9.2,0.35,-5.49,2.86,3228.5,-7.0,0.18,-3.98,-1.59,5930,23.4,44.9,10175,0,0.0,0.0,1.0
8/24/2000,0.5,0.4,0.7,0.9,0.4,0.8,0.3,0.8,1.0,0.9,1.3,1.2,1.4,3.1,4.1,2.6,2.2,1.3,0.8,0.5,0.3,0.4,0.4,0.3,4.1,1.1,25.2,24.8,24.8,24.4,24.3,24.1,24.4,26.1,27.9,29.3,30.4,31.7,32.9,32.3,26.1,25.1,25.5,25.4,25.4,25.3,24.9,24.6,24.4,24.1,32.9,26.4,17.6,0.71,-0.63,2.45,1590.0,8.7,0.64,-3.58,0.38,3225.0,-7.8,0.81,-1.1,0.84,5925,31.1,45.4,10190,0,0.41,0.0,1.0
8/27/2000,1.0,0.4,0.1,0.2,0.2,0.4,0.2,0.4,1.2,1.5,2.0,2.3,2.1,2.2,3.7,4.7,4.0,4.1,3.5,3.0,2.9,1.9,1.2,1.1,4.7,1.8,25.7,25.3,24.4,24.2,23.8,23.8,24.1,26.2,28.6,30.0,31.6,32.8,33.8,34.4,33.8,33.8,33.8,32.9,31.4,29.9,28.8,27.9,27.2,26.6,34.4,29.0,20.4,0.53,-2.99,6.09,1545.5,8.9,0.43,-5.11,3.93,3187.5,-5.6,0.06,-6.73,-2.49,5900,24.9,42.0,10130,-15,0.0,0.0,1.0
8/28/2000,1.2,0.7,0.7,0.4,0.3,0.2,0.8,0.8,0.6,1.8,1.9,1.6,2.1,2.2,3.0,4.0,4.6,4.2,3.4,2.5,2.5,2.0,1.5,1.2,4.6,1.8,26.4,25.8,25.6,25.0,24.6,24.4,24.7,26.8,28.8,30.7,31.7,32.9,34.1,35.1,35.2,34.8,34.6,33.7,32.1,30.3,28.9,28.1,27.4,26.8,35.2,29.5,19.5,0.49,-2.46,4.72,1544.5,10.1,0.31,-6.19,4.88,3188.0,-5.0,0.11,-3.36,-0.75,5910,17.0,38.0,10130,0,0.0,0.0,1.0
8/29/2000,0.7,0.5,0.2,0.2,0.2,0.4,0.4,0.4,1.2,2.2,1.7,1.4,0.8,0.7,0.4,2.3,2.6,3.6,3.1,2.7,2.1,1.3,1.5,1.5,3.6,1.3,26.1,25.3,24.7,24.1,23.8,23.8,24.4,26.4,28.4,30.2,31.8,32.8,34.2,35.4,36.1,36.8,36.6,34.7,32.8,30.9,29.6,28.6,27.8,27.2,36.8,29.7,21.5,0.27,-2.43,2.15,1559.0,10.2,0.5,-3.84,5.49,3207.5,-5.2,0.21,-2.83,-1.32,5925,16.7,31.9,10145,15,0.0,1.0,1.0
8/31/2000,1.8,2.5,1.7,1.5,2.1,1.8,2.0,2.5,3.6,2.9,2.8,2.6,0.9,0.8,0.9,2.5,2.0,1.7,1.3,1.1,0.8,1.7,2.1,2.1,3.6,1.9,28.7,28.0,27.2,26.3,26.1,25.4,25.6,27.4,30.0,32.4,34.8,37.1,38.4,39.2,39.9,40.3,40.4,39.6,37.7,35.3,34.2,33.2,32.6,31.1,40.4,33.0,24.1,0.43,-0.31,-5.12,1540.0,10.0,0.59,-4.59,-6.55,3194.5,-7.9,0.26,-5.66,-3.99,5900,34.4,50.5,10095,-35,0.0,1.0,1.0
9/18/2000,0.3,0.4,0.5,0.7,0.8,0.7,0.4,1.0,0.8,0.4,0.4,1.3,0.8,0.6,1.4,1.5,2.7,3.0,2.4,2.1,1.7,1.6,1.2,0.2,3.0,1.1,17.1,16.5,16.3,16.2,16.0,15.1,14.8,17.9,21.2,24.4,27.2,28.4,29.5,30.3,30.8,31.0,30.5,29.4,27.3,25.4,24.4,23.6,22.4,20.9,31.0,23.2,16.3,0.1,-3.74,-3.42,1533.0,8.6,0.16,-2.47,-4.33,3161.5,-7.7,0.04,0.22,-5.89,5870,-18.2,12.0,10145,-5,0.0,1.0,1.0
9/19/2000,0.4,0.3,0.2,0.4,0.4,0.6,0.8,1.0,0.7,0.8,0.8,1.5,2.4,2.8,3.0,3.6,4.2,3.5,3.0,2.5,1.5,1.0,0.2,0.4,4.2,1.5,19.8,18.7,18.2,17.9,17.8,17.9,18.6,20.7,24.1,26.4,27.9,29.4,30.6,31.1,31.8,31.6,31.0,30.2,28.3,27.2,26.3,25.4,24.6,23.9,31.8,25.0,16.8,0.49,-0.74,3.96,1527.0,9.3,0.1,-1.52,3.25,3159.0,-7.0,0.07,0.55,-3.99,5870,-1.6,33.9,10130,-15,0.0,0.0,1.0
9/20/2000,0.3,0.8,0.4,0.4,0.8,0.9,1.1,2.0,4.1,4.2,4.6,5.3,5.7,5.3,5.1,5.0,4.9,4.2,3.4,2.2,1.5,1.8,2.4,3.1,5.7,2.9,23.8,23.6,23.7,23.1,23.5,24.3,24.8,26.9,29.1,30.3,31.1,31.4,32.2,32.1,32.2,31.3,30.3,29.3,27.9,27.3,26.6,26.2,26.0,25.2,32.2,27.6,18.1,0.6,0.65,7.91,1519.0,10.6,0.28,2.23,10.05,3157.5,-6.3,0.05,-1.19,3.65,5875,10.0,40.8,10110,-20,0.0,0.0,1.0
9/21/2000,2.4,1.5,1.2,1.4,2.3,2.5,2.6,2.4,2.3,2.7,2.6,2.1,2.5,2.4,3.9,3.4,2.0,2.0,1.7,1.9,2.0,1.6,2.2,2.4,3.9,2.2,24.8,24.2,24.2,24.4,24.3,23.9,23.7,23.6,23.9,24.9,25.8,26.3,27.7,29.1,29.4,26.9,24.8,24.8,24.7,24.4,24.4,24.3,24.4,24.7,29.4,25.2,18.5,0.66,-2.95,6.82,1516.0,8.2,0.79,-1.52,9.95,3154.0,-6.3,0.79,-2.03,4.9,5860,33.4,43.1,10105,-5,2.11,0.0,1.0
9/22/2000,1.4,1.3,1.6,1.5,1.3,0.9,1.0,1.0,1.8,3.2,3.5,3.4,3.4,4.2,3.5,3.8,4.3,3.6,3.4,3.0,3.0,3.1,3.0,3.0,4.3,2.6,24.7,25.1,25.2,25.2,25.2,25.3,25.4,26.4,28.1,29.8,31.1,31.9,32.7,32.5,32.6,32.3,32.3,31.3,30.0,29.1,28.4,27.9,27.8,27.7,32.7,28.7,18.0,0.73,-3.18,7.32,1500.5,8.7,0.78,1.37,7.87,3139.0,-5.7,0.73,2.9,-1.44,5855,33.15,42.45,10090,-15,0.51,0.0,1.0
9/23/2000,2.8,2.3,1.9,1.6,2.0,2.1,2.4,2.9,3.3,4.4,3.5,4.0,4.0,3.9,4.3,4.5,4.1,3.9,3.4,3.0,2.5,2.6,2.1,2.3,4.5,3.1,27.7,27.5,27.3,27.3,27.3,27.1,27.4,28.3,29.3,30.7,31.2,32.4,32.7,32.9,33.0,32.7,32.1,30.9,29.6,28.7,28.0,27.8,27.7,27.6,33.0,29.5,19.4,0.77,5.53,7.32,1517.0,10.3,0.74,6.89,5.79,3165.5,-5.4,0.32,7.9,4.03,5890,35.45,45.35,10100,10,0.0,0.0,1.0
9/24/2000,1.7,1.6,1.9,1.6,1.0,1.1,0.6,1.9,3.4,3.4,3.8,3.0,2.7,2.7,2.5,3.5,3.3,3.4,3.2,3.4,3.0,3.9,2.5,4.6,4.6,2.7,27.1,26.7,26.6,26.5,26.2,26.2,26.1,27.7,29.2,30.3,31.4,32.6,32.9,33.5,34.1,33.4,33.0,31.8,30.3,29.5,26.7,23.3,22.7,21.7,34.1,28.7,20.2,0.43,3.36,7.8,1528.0,12.0,0.38,3.26,4.14,3181.5,-5.6,0.31,7.38,4.14,5905,19.0,38.6,10115,15,0.38,0.0,1.0
9/25/2000,4.9,4.6,3.9,4.5,5.1,5.5,4.6,5.5,5.8,5.4,5.2,6.0,5.5,5.5,5.8,4.7,4.6,4.2,3.1,3.4,3.1,2.9,1.5,1.5,6.0,4.4,19.5,19.1,18.3,17.8,17.4,16.8,15.8,15.6,15.8,16.3,17.2,18.5,19.8,20.7,21.1,21.5,21.3,20.4,18.9,17.8,16.9,16.1,14.9,13.8,21.5,18.0,18.2,0.74,6.91,2.31,1516.0,10.7,0.38,9.62,4.7,3157.0,-5.8,0.22,11.93,3.2,5875,23.5,42.8,10115,0,0.03,0.0,1.0
10/1/2000,0.2,0.4,0.6,0.5,0.7,0.7,0.3,1.2,1.0,1.5,1.7,2.1,2.0,2.3,2.1,2.5,3.5,3.2,2.5,2.1,1.8,1.3,1.2,0.9,3.5,1.5,16.2,15.7,15.2,14.9,14.8,14.4,14.2,16.6,20.2,23.6,25.8,26.9,28.0,28.6,28.9,29.1,28.2,26.9,25.4,24.4,23.8,23.3,23.0,23.4,29.1,22.1,14.0,0.29,-1.94,-0.08,1525.5,8.7,0.02,0.99,-0.14,3144.5,-5.5,0.02,3.79,-3.04,5860,-28.0,21.5,10145,-20,0.0,1.0,1.0
10/2/2000,1.0,0.9,0.8,1.0,0.7,0.7,0.5,0.4,0.8,2.5,3.4,2.1,2.4,4.0,4.2,4.7,4.3,4.4,2.9,2.7,2.5,2.3,1.6,1.1,4.7,2.2,23.3,23.1,23.1,23.4,23.4,24.0,23.6,24.0,26.1,28.1,28.9,29.8,30.8,30.2,30.2,29.8,29.6,28.6,27.4,26.6,26.2,25.8,25.1,24.4,30.8,26.5,15.0,0.63,1.02,1.92,1523.5,9.9,0.03,1.69,-1.13,3149.5,-5.8,0.04,3.66,-5.57,5865,-12.8,34.0,10130,-15,0.0,0.0,1.0
10/3/2000,1.1,1.0,1.1,0.5,1.0,0.8,1.3,1.3,2.1,2.8,3.1,3.1,3.4,3.9,4.4,4.0,4.6,4.0,3.5,2.5,2.1,1.3,1.1,1.0,4.6,2.3,24.1,23.7,23.4,23.2,23.1,23.2,23.4,24.2,26.9,28.3,29.4,30.0,29.8,30.2,29.8,30.2,29.4,28.0,26.5,25.6,24.8,24.0,23.3,22.5,30.2,26.1,15.6,0.55,-2.32,1.13,1531.0,11.0,0.08,-1.69,-0.57,3165.0,-5.4,0.03,0.27,-1.04,5890,-8.9,32.5,10140,10,0.0,0.0,1.0
10/6/2000,1.7,1.7,1.1,1.0,0.8,0.9,0.6,1.0,2.5,3.7,3.2,4.1,4.6,4.0,4.2,4.3,3.7,4.1,4.1,3.5,3.3,3.4,4.3,4.3,4.6,2.9,27.4,27.3,26.9,26.4,26.2,25.9,25.6,26.4,27.8,28.7,28.1,25.1,25.6,25.9,25.3,25.3,24.8,23.9,22.5,20.8,19.8,18.9,18.8,18.5,28.7,24.7,19.2,0.71,3.4,5.05,1543.0,10.4,0.7,7.43,3.47,3188.0,-7.9,0.66,9.43,2.53,5900,35.5,48.7,10130,0,0.56,0.0,1.0
10/7/2000,4.1,4.6,3.7,3.4,4.2,3.9,3.9,4.9,3.6,3.3,2.5,3.0,3.0,3.0,2.9,4.1,4.1,3.3,4.4,4.0,3.4,4.3,4.4,3.8,4.9,3.7,18.3,17.7,17.4,16.3,15.7,15.9,15.8,15.7,14.9,15.0,14.4,13.7,13.3,12.9,12.9,12.8,12.1,11.7,11.2,10.7,10.7,10.4,9.9,9.4,18.3,13.7,16.6,0.8,1.53,-4.07,1560.5,8.2,0.77,7.05,-2.92,3192.0,-7.7,0.56,11.78,0.49,5890,33.4,45.0,10205,75,2.16,0.0,1.0
10/11/2000,0.8,0.7,1.1,1.3,1.6,2.0,2.3,3.0,3.5,3.1,3.3,3.3,3.1,3.2,3.0,3.5,3.8,2.2,1.8,1.5,0.9,0.2,0.1,0.4,3.8,2.1,14.3,14.1,14.4,14.3,13.9,13.9,13.9,14.9,16.7,18.3,20.0,21.6,22.6,23.3,23.9,24.0,21.9,20.2,18.8,18.2,17.8,16.2,15.2,15.1,24.0,17.8,9.5,0.05,-1.45,-0.1,1576.0,1.9,0.71,2.43,-2.21,3164.5,-8.9,0.08,9.49,-9.49,5830,-11.5,1.8,10255,-30,0.0,0.0,1.0
10/14/2000,1.1,1.3,1.0,1.3,1.6,1.3,1.0,1.9,2.6,2.9,2.2,2.1,2.9,2.8,2.1,2.6,3.1,3.3,3.9,3.3,2.2,1.3,0.4,1.3,3.9,2.1,18.0,17.6,17.3,17.0,17.1,17.1,17.2,18.4,20.7,23.3,24.9,25.8,26.7,27.3,27.6,27.5,27.2,25.7,23.4,22.3,21.6,21.1,20.8,20.5,27.6,21.9,12.7,0.53,-2.39,4.7,1574.0,9.3,0.04,-0.07,0.93,3185.5,-7.0,0.15,3.66,2.78,5895,-24.1,21.4,10210,-20,0.0,0.0,1.0
10/15/2000,1.7,1.7,1.3,1.3,1.6,1.3,0.7,1.5,1.9,2.5,3.6,3.6,3.8,4.0,3.6,3.3,3.9,3.6,2.8,2.2,1.9,1.6,1.8,2.1,4.0,2.4,20.4,20.3,20.3,20.5,20.8,20.9,20.8,21.7,23.4,25.8,27.3,27.8,27.8,27.6,27.3,27.1,26.8,25.8,24.6,23.6,23.2,23.1,23.1,23.0,27.8,23.9,13.5,0.77,-2.35,2.16,1560.5,7.1,0.32,0.43,3.64,3175.5,-8.1,0.23,8.37,4.94,5870,8.75,38.85,10190,-20,0.13,0.0,1.0
10/20/2000,0.0,0.1,0.3,0.1,0.2,0.4,0.0,0.8,1.1,1.7,2.6,2.8,2.7,3.2,3.4,2.9,1.9,1.8,1.4,0.8,1.2,1.7,0.8,0.5,3.4,1.4,16.4,16.3,15.9,15.5,15.4,15.3,15.4,17.0,20.0,22.7,24.6,25.7,26.6,26.5,25.7,25.2,25.0,24.2,23.1,22.2,21.5,21.6,21.4,20.9,26.6,21.0,11.9,0.43,2.5,-3.73,1548.0,4.0,0.52,8.78,-3.6,3152.0,-10.7,0.3,12.7,-4.08,5810,13.0,32.2,10180,-20,0.0,1.0,1.0
3/7/2001,0.1,0.3,0.6,0.4,0.4,0.8,0.5,0.6,1.4,1.7,1.7,1.3,1.2,0.9,2.8,2.7,3.8,3.8,2.7,2.2,1.8,1.6,1.0,0.8,3.8,1.5,8.7,8.2,7.4,6.9,6.6,6.8,7.0,8.0,11.7,14.8,17.1,18.8,19.7,20.3,20.9,21.1,20.3,18.9,17.2,15.8,15.2,14.8,14.1,13.1,21.1,13.9,7.2,0.42,-0.94,-2.21,1546.0,0.95,0.17,10.62,-2.91,3121.0,-15.7,0.05,19.47,-4.88,5740,-3.9,34.3,10225,-15,0.0,1.0,1.0
5/12/2001,0.2,0.4,0.2,0.6,0.3,0.3,0.5,1.0,1.0,1.5,1.7,2.2,2.6,3.1,2.4,2.2,2.0,2.5,2.3,1.3,5.0,0.4,0.5,0.2,5.0,1.4,19.8,19.2,18.9,18.7,18.6,18.4,19.2,21.7,23.4,24.6,25.8,26.5,27.3,27.1,28.0,28.2,28.1,27.3,25.8,24.7,21.1,20.1,19.8,19.7,28.2,23.0,14.1,0.55,-2.97,0.99,1558.0,3.0,0.59,-1.15,-0.51,3163.5,-13.9,0.28,-0.2,-4.09,5800,25.3,46.5,10185,10,0.15,0.0,1.0
5/14/2001,0.1,0.4,0.1,0.3,0.4,0.4,0.9,1.3,0.7,0.5,0.9,1.0,1.8,2.0,2.3,2.8,3.0,3.4,2.3,1.9,2.0,1.3,1.4,1.0,3.4,1.3,20.9,20.3,20.0,19.6,19.6,19.7,20.6,22.4,24.2,25.4,26.7,27.7,28.2,28.6,29.3,29.4,29.6,28.8,27.7,26.1,24.9,23.6,22.6,21.5,29.6,24.5,14.3,0.62,-2.38,-1.02,1580.0,4.8,0.16,-3.85,0.0,3191.0,-10.7,0.02,-3.81,-0.33,5855,9.9,42.6,10205,5,0.0,1.0,1.0
6/16/2001,0.4,0.4,0.1,0.1,0.0,0.4,0.5,0.6,1.3,2.0,1.9,1.2,1.1,1.7,1.8,1.7,2.4,2.8,2.2,1.3,1.0,0.7,0.3,0.1,2.8,1.1,24.0,23.6,23.1,22.6,22.4,22.3,23.6,25.8,27.4,28.6,29.4,30.3,30.8,31.3,31.7,31.8,31.9,31.6,30.8,29.6,28.0,26.9,26.1,25.8,31.9,27.5,16.1,0.73,0.36,0.27,1575.0,9.3,0.06,6.39,-4.24,3207.0,-8.6,0.07,6.4,-5.96,5900,0.25,44.35,10185,35,0.0,1.0,1.0
6/19/2001,0.7,0.7,0.1,0.1,0.2,0.4,0.4,0.4,0.8,1.1,0.8,0.6,0.5,1.5,1.7,2.3,3.0,2.6,2.3,2.1,1.6,1.5,1.1,1.2,3.0,1.2,22.9,22.6,22.2,21.7,21.3,21.2,22.6,25.1,27.1,28.1,29.4,30.1,30.8,31.5,31.6,31.3,30.2,29.7,29.3,28.3,27.3,26.6,25.9,25.3,31.6,26.8,16.0,0.84,-3.16,0.89,1561.0,7.4,0.49,-5.34,3.49,3185.5,-8.2,0.05,-2.25,-3.93,5880,26.65,45.75,10165,-15,0.0,1.0,1.0
7/16/2001,1.0,0.8,0.8,0.6,0.3,0.0,0.1,0.6,1.2,1.3,1.4,1.1,1.9,1.9,3.2,3.7,3.3,1.0,1.7,2.4,2.1,1.7,1.0,0.5,3.7,1.4,26.8,26.5,25.9,25.4,25.4,25.3,26.2,28.1,29.1,29.6,31.0,32.1,32.8,33.4,33.3,32.9,30.1,28.6,30.1,29.7,28.8,28.3,27.6,27.3,33.4,28.9,17.7,0.91,-0.85,-2.12,1532.0,9.6,0.55,-1.27,-3.49,3170.0,-4.2,0.23,2.04,-3.86,5895,27.8,42.25,10125,5,0.0,1.0,1.0
8/24/2001,0.8,0.7,0.6,0.7,0.4,0.4,0.5,1.1,1.0,1.6,1.1,1.0,1.2,0.9,1.6,2.5,3.4,3.7,3.5,3.3,2.7,1.7,1.7,1.1,3.7,1.5,26.7,26.3,25.7,25.7,25.1,25.0,25.2,26.6,28.5,29.6,30.4,31.1,32.3,32.9,33.3,33.3,32.9,31.9,30.5,29.2,28.2,27.6,27.1,26.3,33.3,28.8,16.7,0.74,-4.73,1.03,1557.5,10.9,0.2,-5.45,1.28,3197.0,-3.8,0.09,0.94,-0.24,5925,9.7,35.5,10160,-10,0.0,1.0,1.0
8/25/2001,0.8,0.7,0.3,0.5,0.5,0.4,0.9,1.1,1.6,1.0,1.4,1.2,1.2,4.4,3.9,2.1,2.6,3.1,2.6,1.7,1.5,0.8,0.9,1.2,4.4,1.5,26.2,25.9,24.9,24.7,24.1,24.2,24.6,26.6,29.1,30.0,31.9,32.7,33.6,32.0,31.1,29.6,30.8,30.9,29.9,28.7,28.1,27.5,26.8,26.3,33.6,28.3,16.8,0.84,1.64,2.56,1552.0,11.6,0.06,1.3,1.12,3187.0,-5.8,0.03,4.01,-0.75,5915,2.55,42.35,10145,-15,0.08,0.0,1.0
8/26/2001,0.9,0.8,0.9,0.8,0.7,0.8,0.4,1.2,2.0,2.1,1.3,2.4,4.1,1.3,1.3,1.2,1.0,1.5,1.7,0.4,0.3,0.6,0.7,1.4,4.1,1.2,26.3,26.3,26.2,26.1,25.8,25.6,26.2,27.8,29.5,30.8,30.6,31.7,31.8,25.2,23.9,24.3,24.8,25.4,26.0,26.2,26.7,26.2,25.9,25.6,31.8,26.9,17.9,0.78,3.79,1.92,1556.0,9.9,0.49,3.6,1.71,3194.0,-7.6,0.17,4.09,0.2,5905,29.25,46.85,10150,5,4.01,0.0,1.0
9/7/2001,1.0,0.6,1.0,0.8,1.1,0.9,0.7,1.7,3.3,3.6,3.8,4.2,4.9,4.2,4.7,4.1,4.1,3.8,3.0,2.4,2.4,2.9,2.2,2.3,4.9,2.7,25.0,24.9,24.8,24.8,24.6,24.6,25.0,27.1,28.8,29.7,31.1,31.9,32.7,32.7,32.4,32.2,31.8,31.1,29.6,28.6,27.9,27.5,27.3,27.1,32.7,28.5,18.5,0.65,0.0,6.9,1533.5,9.4,0.53,0.8,5.84,3173.5,-7.4,0.27,5.86,6.49,5880,28.4,44.8,10125,-25,0.0,0.0,1.0
9/9/2001,2.2,1.7,1.9,1.0,0.9,1.2,1.8,3.5,3.4,3.0,3.5,2.7,3.4,3.8,1.1,1.7,2.7,2.3,1.9,2.3,1.5,1.4,1.7,1.3,3.8,2.2,27.6,27.3,27.1,26.8,26.4,26.3,26.1,26.2,23.2,21.6,21.2,21.8,22.0,23.5,24.6,25.1,25.3,25.1,24.4,23.7,23.4,23.0,22.7,22.4,27.6,24.5,18.1,0.83,2.55,6.4,1516.5,9.7,0.66,5.3,4.86,3157.5,-8.3,0.45,7.83,4.16,5865,35.25,49.9,10110,10,1.73,0.0,1.0
9/16/2001,0.2,0.2,0.0,0.4,0.6,0.5,0.2,0.5,0.7,0.5,1.1,1.1,1.7,2.4,2.5,2.1,1.3,1.8,2.2,1.9,1.8,0.9,0.7,1.6,2.5,1.1,23.1,23.3,22.9,22.6,22.3,22.3,22.2,24.0,26.2,27.7,28.9,29.5,29.9,30.3,30.4,29.8,28.9,28.3,27.3,25.7,24.7,24.2,23.6,23.3,30.4,25.9,15.6,0.81,0.42,-1.92,1539.5,5.8,0.54,2.22,-0.01,3162.0,-6.7,0.56,6.63,-2.79,5865,24.45,41.35,10140,0,0.0,1.0,1.0
9/17/2001,1.3,0.5,0.7,0.3,0.3,0.2,1.0,1.4,1.1,2.5,2.5,1.7,2.2,4.6,4.7,4.5,4.0,2.6,1.6,1.6,1.3,1.4,1.3,1.6,4.7,1.9,22.9,22.6,22.7,22.6,22.6,22.4,23.0,24.5,26.9,28.6,29.8,30.2,31.1,30.1,29.3,28.8,29.1,28.3,27.1,26.2,25.6,25.3,24.9,24.8,31.1,26.2,15.0,0.88,1.38,1.14,1545.0,7.3,0.38,-0.25,-0.79,3166.5,-6.8,0.62,5.43,-1.2,5870,21.7,41.5,10150,10,0.0,0.0,1.0
9/18/2001,0.9,0.4,0.8,0.1,0.4,0.2,0.3,1.2,2.4,3.0,2.8,2.8,2.5,3.5,4.3,4.3,3.3,2.5,3.3,2.8,2.1,1.9,1.3,1.6,4.3,2.0,24.2,23.7,23.7,23.2,22.8,22.8,23.0,25.3,28.0,29.2,30.3,30.9,31.8,30.8,29.9,30.1,28.8,28.9,28.7,28.1,27.4,26.8,26.3,26.1,31.8,27.1,16.4,0.71,-0.7,5.72,1541.5,7.4,0.31,1.27,2.94,3167.0,-8.1,0.56,8.44,0.0,5865,20.55,43.65,10145,-5,0.23,0.0,1.0
9/21/2001,0.3,0.5,0.8,0.5,0.1,0.1,0.5,0.8,1.4,2.7,2.4,1.7,1.3,2.0,3.1,1.2,4.4,2.2,2.4,2.0,1.8,1.7,0.7,0.4,4.4,1.5,22.9,22.8,22.8,22.8,22.7,22.8,22.9,25.0,27.3,28.6,29.6,30.4,31.3,31.9,29.6,29.6,22.9,22.3,22.4,22.2,22.0,21.5,21.3,21.3,31.9,25.0,18.6,0.69,1.09,-1.12,1557.5,7.3,0.5,3.37,-1.73,3192.0,-6.8,0.05,8.37,0.49,5875,28.7,45.0,10150,20,1.27,0.0,1.0
9/29/2001,0.3,0.6,0.7,0.6,0.5,0.8,0.8,2.1,2.2,2.3,2.9,3.2,3.6,4.0,3.7,3.6,3.0,2.0,1.5,1.3,1.7,1.8,2.3,2.1,4.0,2.0,16.2,15.6,15.1,14.8,14.3,14.7,14.8,16.9,19.2,21.3,23.2,25.1,25.9,26.3,26.6,26.4,26.1,25.1,23.1,21.3,20.4,19.3,18.6,18.2,26.6,20.4,12.3,0.39,-6.77,-8.2,1518.0,3.7,0.11,0.0,-8.75,3116.5,-12.7,0.08,2.98,-8.35,5775,-3.2,35.0,10150,-5,0.0,0.0,1.0
10/2/2001,0.1,0.1,0.1,0.1,0.4,0.7,0.7,0.9,1.1,1.7,1.7,1.1,1.7,1.8,3.0,3.0,3.0,2.4,1.7,1.6,1.8,0.9,0.1,0.2,3.0,1.2,14.8,14.4,14.1,13.8,13.5,13.3,13.3,15.4,18.8,21.8,23.8,24.9,25.7,26.1,26.6,26.6,26.2,24.7,22.6,21.1,20.3,19.2,17.8,17.2,26.6,19.8,12.7,0.23,-2.0,-2.51,1554.5,5.8,0.07,-1.7,-1.44,3163.5,-11.2,0.03,-0.42,-3.36,5830,-13.9,27.8,10195,-5,0.0,1.0,1.0
3/17/2003,0.3,0.2,0.8,1.0,1.5,1.2,1.2,0.8,0.8,1.3,3.1,3.0,2.3,1.4,1.3,1.9,3.0,3.5,3.3,2.8,2.3,2.2,1.4,1.2,3.5,1.7,14.7,13.8,13.2,13.4,13.8,14.1,14.2,14.4,15.0,16.1,18.1,20.4,21.4,22.6,24.0,24.8,24.9,24.1,22.4,20.7,19.4,18.2,17.3,16.9,24.9,18.3,10.9,0.97,-0.24,0.16,1408.0,2.8,0.57,0.7,-1.93,3005.0,-13.9,0.7,7.44,-0.04,5655,23.7,49.1,10030,-65,0.0,1.0,1.0
5/26/2003,0.3,0.4,0.5,0.3,0.5,0.1,0.7,2.2,2.9,2.1,2.0,2.1,2.0,2.2,1.6,1.8,1.1,2.9,4.2,3.0,2.6,2.4,1.7,1.5,4.2,1.7,24.3,23.7,23.4,23.5,23.1,23.0,23.8,25.2,26.4,27.3,28.7,29.6,30.6,31.6,32.1,32.3,32.2,31.0,28.1,25.7,24.1,23.3,22.9,22.4,32.3,26.6,16.5,0.78,0.86,0.21,1515.5,7.1,0.34,8.72,-0.76,3144.0,-9.1,0.58,11.84,-2.25,5820,24.15,47.25,10115,0,0.0,0.0,1.0
5/29/2003,0.3,0.0,0.3,0.6,0.5,0.3,1.0,2.4,2.7,2.2,1.4,1.0,0.6,0.8,0.5,1.5,1.2,1.3,1.0,2.5,2.6,2.2,2.1,2.3,2.7,1.3,19.9,18.8,18.1,17.9,17.8,17.5,19.1,22.4,25.2,27.3,28.4,29.4,30.5,31.1,31.9,32.4,32.6,32.5,31.5,29.0,27.4,26.4,25.7,25.3,32.6,25.8,12.2,0.73,2.01,-4.15,1543.5,9.8,0.04,2.31,-4.52,3168.0,-7.9,0.08,5.88,-8.05,5865,-9.5,35.4,10165,-30,0.0,1.0,1.0
5/30/2003,2.1,2.1,2.0,1.9,1.7,1.8,2.1,2.9,3.4,3.7,2.8,2.9,2.8,2.2,1.5,2.2,2.9,3.7,4.5,3.7,3.7,3.0,2.6,2.6,4.5,2.7,24.7,24.4,24.1,23.7,23.4,23.2,24.1,25.9,27.9,29.4,30.7,32.0,33.3,34.2,34.6,35.0,35.0,33.8,31.4,29.7,28.4,27.4,26.5,25.8,35.0,28.7,16.0,0.61,1.66,-2.07,1522.0,10.8,0.08,-1.61,-9.11,3149.0,-7.3,0.12,1.57,-8.93,5860,-4.2,39.1,10120,-45,0.0,0.0,1.0
6/1/2003,0.9,0.8,0.8,0.6,0.8,1.1,1.0,2.1,2.4,2.0,1.8,2.3,2.6,1.8,2.1,3.4,3.7,4.3,4.1,3.9,3.1,2.3,2.8,1.9,4.3,2.2,24.0,23.2,22.7,22.1,21.8,21.9,23.2,25.9,27.4,28.8,29.9,31.3,32.3,33.3,34.0,33.3,32.6,31.9,30.2,28.7,27.4,26.7,26.2,25.8,34.0,27.7,20.3,0.51,-2.84,2.29,1513.5,12.7,0.3,3.72,-3.12,3173.5,-9.0,0.21,3.96,-1.5,5880,22.1,48.1,10100,5,0.0,0.0,1.0
6/2/2003,1.8,1.6,0.9,1.1,1.9,1.3,1.5,3.1,3.0,3.7,4.0,3.7,3.2,3.0,3.2,3.4,3.0,0.3,5.4,4.3,1.1,1.0,1.2,0.8,5.4,2.4,25.6,25.4,25.2,25.1,25.0,25.1,26.2,27.1,28.6,30.3,31.8,32.4,33.5,34.2,34.4,34.8,34.2,32.3,24.7,22.4,23.1,23.7,23.5,23.6,34.8,28.0,20.1,0.26,2.38,5.84,1514.5,11.0,0.23,1.43,5.42,3161.0,-8.2,0.23,8.04,1.68,5860,-3.1,28.6,10105,5,0.05,0.0,1.0
6/6/2003,1.2,0.6,0.8,1.1,0.8,0.8,0.8,1.3,3.2,3.5,1.9,0.8,2.8,3.3,4.4,3.8,3.8,3.3,2.5,1.6,1.0,1.8,1.5,1.6,4.4,2.0,23.7,23.7,23.3,23.4,23.3,22.9,22.8,23.9,26.3,27.7,28.3,29.5,30.7,30.9,30.4,29.8,29.1,28.7,28.1,27.2,26.3,25.4,24.7,23.9,30.9,26.4,16.6,0.92,1.19,5.37,1492.5,7.1,0.78,2.65,5.48,3123.5,-6.5,0.72,11.84,4.31,5825,34.8,44.9,10085,-15,0.0,0.0,1.0
6/8/2003,0.2,0.0,0.2,0.2,0.2,0.6,0.3,1.7,2.5,2.6,2.0,2.1,3.0,4.0,3.0,2.0,1.3,2.2,1.4,1.6,0.6,0.4,0.4,0.6,4.0,1.4,22.7,22.3,21.8,21.3,21.1,21.1,22.4,24.8,26.1,27.9,29.5,30.3,30.4,31.0,31.4,31.9,31.8,31.4,30.7,29.6,28.1,26.3,25.8,25.0,31.9,26.9,16.4,0.73,1.29,-1.7,1502.0,9.8,0.19,5.52,-4.63,3138.0,-8.9,0.19,13.83,-0.54,5830,11.8,45.7,10090,25,0.0,0.0,1.0
7/17/2003,1.1,0.3,0.5,0.2,0.2,0.2,0.1,0.3,1.0,1.0,0.8,0.3,1.0,1.3,0.8,1.1,1.1,2.2,2.0,1.7,1.7,1.5,1.3,1.7,2.2,1.0,25.1,24.6,24.2,23.8,23.6,23.4,24.0,26.5,28.1,29.3,30.1,31.1,32.0,32.5,32.9,33.2,33.4,32.9,31.6,29.8,28.8,27.8,27.1,26.4,33.4,28.4,18.3,0.6,-3.45,0.83,1602.0,9.0,0.38,-4.55,-0.31,3237.0,-8.2,0.14,-6.61,-4.88,5940,23.5,44.7,10205,30,0.0,1.0,1.0
10/23/2003,0.1,0.1,0.1,0.4,0.1,0.1,0.0,0.5,1.3,0.4,1.5,1.9,1.5,1.4,0.9,1.5,2.5,1.7,1.9,1.9,1.6,1.4,1.1,0.9,2.5,1.0,19.1,18.2,17.7,17.2,16.6,16.1,15.9,17.4,20.8,23.9,26.7,28.7,30.0,30.8,31.6,31.7,30.4,28.3,26.4,25.3,24.3,23.1,21.8,20.7,31.7,23.4,18.6,0.29,1.13,-4.95,1518.5,9.5,0.24,-0.17,-6.6,3158.0,-8.4,0.14,-1.71,-7.76,5865,8.6,35.5,10120,-45,0.0,1.0,1.0
8/11/2004,0.4,0.3,1.0,0.7,0.6,0.7,0.6,1.1,2.1,1.7,1.6,1.4,1.5,1.0,2.0,2.5,2.6,0.6,1.3,2.3,2.5,2.7,3.0,2.0,3.0,1.5,25.7,25.3,25.1,25.1,24.9,24.9,25.3,26.7,28.5,29.5,30.5,31.7,32.9,33.3,33.1,33.2,32.6,31.3,30.4,29.8,27.6,26.5,25.8,24.9,33.3,28.5,17.3,0.72,2.87,-3.13,1539.0,9.9,0.42,0.18,-4.36,3175.5,-5.3,0.16,5.61,-0.67,5885,22.35,40.15,10130,-15,0.03,1.0,1.0
9/17/2004,0.3,0.4,0.5,0.4,0.1,0.5,0.9,1.3,2.0,1.6,1.5,1.4,1.7,1.2,1.1,2.1,2.2,2.3,2.0,1.8,1.3,0.8,0.8,0.3,2.3,1.2,25.3,25.3,25.4,25.2,24.8,25.5,24.9,26.3,28.6,30.5,32.4,33.6,34.3,34.7,35.2,35.2,35.1,34.0,32.0,30.7,29.6,28.3,27.5,26.6,35.2,29.6,19.7,0.8,0.49,-3.56,1529.5,9.5,0.7,-0.65,-5.1,3174.0,-6.3,0.13,3.22,-3.49,5885,36.45,48.0,10100,40,0.0,1.0,1.0
12/31/2004,1.5,1.3,1.8,1.4,1.2,1.7,1.6,1.4,1.6,3.0,3.6,3.2,3.3,4.0,3.1,3.4,3.8,3.0,2.5,2.1,3.2,2.8,3.1,3.2,4.0,2.5,18.8,18.8,19.7,20.1,20.0,19.8,20.0,20.2,20.3,19.8,21.2,22.3,23.0,23.5,23.1,22.4,21.7,20.3,19.5,20.2,20.9,21.2,20.8,20.4,23.5,20.7,10.1,0.74,2.03,8.12,1566.0,4.9,0.28,6.91,2.43,3155.0,-11.9,0.54,13.07,9.15,5820,1.95,39.35,10220,-25,0.0,0.0,1.0
