,Hour,GEOTHERMAL,BIOMASS,BIOGAS,SMALL HYDRO,WIND TOTAL,SOLAR PV,SOLAR THERMAL
2017-08-01,1,959,197,180,362,3076,0,0
2017-08-01,2,959,194,180,350,3124,0,0
2017-08-01,3,960,196,180,361,3079,0,0
2017-08-01,4,961,197,179,353,2985,0,0
2017-08-01,5,959,199,180,349,2440,0,0
2017-08-01,6,960,202,179,360,1526,0,0
2017-08-01,7,961,212,177,422,1218,391,0
2017-08-01,8,959,222,173,414,851,2452,85
2017-08-01,9,953,228,172,432,528,4311,218
2017-08-01,10,920,230,164,445,417,5178,326
2017-08-01,11,913,230,169,457,517,5414,354
2017-08-01,12,912,229,170,449,350,5966,334
2017-08-01,13,909,229,170,483,300,6459,285
2017-08-01,14,904,231,170,504,409,5907,136
2017-08-01,15,908,230,169,576,576,5953,206
2017-08-01,16,909,231,170,614,648,6229,210
2017-08-01,17,908,231,170,606,784,5653,207
2017-08-01,18,909,230,173,594,1030,3930,207
2017-08-01,19,929,230,174,605,1639,1671,141
2017-08-01,20,949,230,179,611,1859,249,87
2017-08-01,21,954,230,178,555,1445,23,42
2017-08-01,22,961,236,178,520,1762,0,0
2017-08-01,23,964,234,178,481,1563,0,0
2017-08-01,24,965,237,178,433,1374,0,0
2017-08-02,1,967,239,179,352,1214,0,0
2017-08-02,2,966,243,179,376,1056,0,0
2017-08-02,3,966,249,179,336,736,0,0
2017-08-02,4,966,250,180,337,484,0,0
2017-08-02,5,967,249,180,343,377,0,0
2017-08-02,6,970,251,180,360,305,0,0
2017-08-02,7,967,255,180,411,307,265,0
2017-08-02,8,964,260,180,424,366,1628,16
2017-08-02,9,960,260,178,458,335,2966,126
2017-08-02,10,957,256,176,475,281,3913,150
2017-08-02,11,922,256,176,460,211,5062,176
2017-08-02,12,914,256,176,479,164,5240,185
2017-08-02,13,912,258,176,479,220,5525,288
2017-08-02,14,913,258,176,511,386,5514,339
2017-08-02,15,915,257,176,518,873,4531,437
2017-08-02,16,916,258,175,594,1119,3518,442
2017-08-02,17,916,258,176,584,1135,3132,482
2017-08-02,18,916,257,177,597,1229,2072,447
2017-08-02,19,940,260,177,597,1495,845,239
2017-08-02,20,959,259,177,596,1870,115,102
2017-08-02,21,962,257,176,609,2175,0,86
2017-08-02,22,965,258,177,539,2023,0,86
2017-08-02,23,967,253,176,478,1590,0,86
2017-08-02,24,969,251,176,428,1306,0,86
2017-08-03,1,970,251,177,395,1327,0,86
2017-08-03,2,971,250,177,393,1413,0,74
2017-08-03,3,972,247,178,402,936,0,0
2017-08-03,4,973,251,178,401,814,0,0
2017-08-03,5,975,251,178,401,862,0,0
2017-08-03,6,977,253,178,403,799,0,0
2017-08-03,7,978,256,177,457,449,121,0
2017-08-03,8,975,258,177,483,415,1183,0
2017-08-03,9,973,261,175,516,383,2952,0
2017-08-03,10,970,259,172,529,460,4682,0
2017-08-03,11,940,261,171,529,464,5620,16
2017-08-03,12,926,260,174,491,569,6183,115
2017-08-03,13,925,256,177,460,841,5424,188
2017-08-03,14,924,259,177,476,1713,5540,207
2017-08-03,15,922,259,174,470,1522,5116,208
2017-08-03,16,920,259,175,521,1406,3848,209
2017-08-03,17,920,259,177,574,1431,2832,209
2017-08-03,18,921,257,176,592,1600,2343,206
2017-08-03,19,949,257,176,588,1967,1585,72
2017-08-03,20,968,258,173,593,2025,215,19
2017-08-03,21,969,259,174,549,2169,0,0
2017-08-03,22,971,260,176,523,2443,0,0
2017-08-03,23,971,255,177,474,2804,0,0
2017-08-03,24,970,252,176,440,2570,0,0
2017-08-04,1,970,250,174,414,2129,0,0
2017-08-04,2,971,248,176,384,1993,0,0
2017-08-04,3,970,247,177,344,1366,0,0
2017-08-04,4,971,240,178,346,1003,0,0
2017-08-04,5,972,239,178,346,1056,0,0
2017-08-04,6,971,239,175,345,1302,0,0
2017-08-04,7,973,241,175,362,1171,380,0
2017-08-04,8,969,241,177,413,1113,2642,0
2017-08-04,9,969,241,176,465,892,5201,53
2017-08-04,10,965,242,175,463,842,6511,97
2017-08-04,11,935,243,175,480,793,7295,152
2017-08-04,12,920,238,176,499,870,7803,133
2017-08-04,13,919,240,175,531,1064,7537,213
2017-08-04,14,919,239,177,531,1611,7029,345
2017-08-04,15,919,240,176,502,2151,6855,437
2017-08-04,16,919,242,176,576,2634,7177,418
2017-08-04,17,923,242,177,593,3104,6857,364
2017-08-04,18,923,242,167,570,3385,4926,342
2017-08-04,19,920,242,170,584,3816,2435,178
2017-08-04,20,921,240,178,580,4053,316,53
2017-08-04,21,923,240,176,522,3978,0,48
2017-08-04,22,924,240,175,477,3957,0,46
2017-08-04,23,925,237,175,470,4125,0,0
2017-08-04,24,927,238,176,416,4246,0,0
2017-08-05,1,927,239,177,406,4243,0,0
2017-08-05,2,928,239,177,396,3471,0,0
2017-08-05,3,928,240,179,340,2934,0,0
2017-08-05,4,929,239,178,345,3109,0,0
2017-08-05,5,943,233,178,358,3351,0,0
2017-08-05,6,971,218,178,370,3443,0,0
2017-08-05,7,972,222,174,380,3355,298,0
2017-08-05,8,972,239,172,373,3335,2532,0
2017-08-05,9,971,247,172,399,3256,5392,45
2017-08-05,10,970,243,170,421,3239,7009,105
2017-08-05,11,966,245,169,442,3273,8140,302
2017-08-05,12,965,246,171,498,3356,8457,238
2017-08-05,13,963,247,172,498,3090,8631,165
2017-08-05,14,961,247,171,495,3191,8617,190
2017-08-05,15,961,248,169,533,3574,8398,331
2017-08-05,16,961,248,169,523,3997,7969,285
2017-08-05,17,961,247,172,522,4224,7147,423
2017-08-05,18,960,247,173,559,4189,5704,398
2017-08-05,19,960,247,172,578,4265,2924,270
2017-08-05,20,960,247,173,577,4248,535,40
2017-08-05,21,962,247,173,553,4440,20,0
2017-08-05,22,968,247,173,471,4385,0,0
2017-08-05,23,972,245,174,411,4345,0,0
2017-08-05,24,973,245,174,416,4479,0,0
2017-08-06,1,974,245,175,417,4543,0,0
2017-08-06,2,973,245,176,412,4530,0,0
2017-08-06,3,975,245,176,367,4412,0,0
2017-08-06,4,974,237,176,359,4165,0,0
2017-08-06,5,976,230,176,359,3928,0,0
2017-08-06,6,976,234,176,362,3778,0,0
2017-08-06,7,950,244,176,378,3603,405,0
2017-08-06,8,945,248,176,374,3384,3219,114
2017-08-06,9,942,246,176,382,3024,6302,337
2017-08-06,10,937,247,175,352,2575,7639,431
2017-08-06,11,933,246,174,424,2106,8288,473
2017-08-06,12,931,247,175,431,1823,8757,489
2017-08-06,13,929,247,174,489,1757,8839,441
2017-08-06,14,929,246,174,524,2200,8593,173
2017-08-06,15,927,248,173,558,2786,8192,127
2017-08-06,16,926,247,173,533,3347,7719,95
2017-08-06,17,926,249,174,536,3661,6960,156
2017-08-06,18,924,248,174,568,3902,5666,233
2017-08-06,19,948,247,174,603,3926,2951,208
2017-08-06,20,962,244,173,600,3734,407,20
2017-08-06,21,964,247,172,583,3683,0,0
2017-08-06,22,969,247,173,514,3719,0,0
2017-08-06,23,973,245,173,452,3626,0,0
2017-08-06,24,973,243,174,413,3670,0,0
2017-08-07,1,970,244,174,367,3636,0,0
2017-08-07,2,968,244,174,369,3539,0,0
2017-08-07,3,969,243,175,396,2937,0,0
2017-08-07,4,968,243,174,387,2228,0,0
2017-08-07,5,968,246,174,387,1872,0,0
2017-08-07,6,967,253,173,379,1651,0,0
2017-08-07,7,966,257,173,428,1337,448,0
2017-08-07,8,958,259,173,405,1106,3263,5
2017-08-07,9,929,261,172,370,943,6218,205
2017-08-07,10,926,260,168,444,847,7749,475
2017-08-07,11,925,261,166,448,729,8529,544
2017-08-07,12,922,262,167,448,704,8876,608
2017-08-07,13,921,261,169,495,787,8807,383
2017-08-07,14,919,261,171,513,997,8696,282
2017-08-07,15,917,259,170,537,1477,8491,280
2017-08-07,16,917,259,171,578,1878,7979,256
2017-08-07,17,917,258,171,596,2152,7129,291
2017-08-07,18,917,257,171,598,2623,5788,324
2017-08-07,19,933,259,176,598,2922,2944,234
2017-08-07,20,958,258,176,597,2958,369,17
2017-08-07,21,959,261,176,576,3027,0,0
2017-08-07,22,962,256,176,496,3189,0,0
2017-08-07,23,964,253,176,450,3354,0,0
2017-08-07,24,966,247,177,423,3289,0,0
2017-08-08,1,968,250,178,364,3169,0,0
2017-08-08,2,968,249,178,351,3072,0,0
2017-08-08,3,968,247,178,357,2666,0,0
2017-08-08,4,968,248,178,346,2351,0,0
2017-08-08,5,969,252,178,359,2094,0,0
2017-08-08,6,968,253,177,358,1886,0,0
2017-08-08,7,968,254,177,421,1693,431,0
2017-08-08,8,967,258,177,409,1390,3339,116
2017-08-08,9,964,260,176,376,1131,6515,436
2017-08-08,10,961,261,176,428,863,7854,541
2017-08-08,11,930,260,170,432,654,8539,569
2017-08-08,12,920,260,171,434,636,8848,599
2017-08-08,13,918,259,170,460,771,8851,573
2017-08-08,14,917,259,171,476,829,8880,607
2017-08-08,15,918,260,171,478,969,8768,619
2017-08-08,16,918,259,173,539,1315,8369,614
2017-08-08,17,918,259,170,526,1848,7598,546
2017-08-08,18,918,257,174,581,2210,6073,536
2017-08-08,19,947,258,173,575,2580,2980,335
2017-08-08,20,958,258,175,563,2986,355,36
2017-08-08,21,958,254,174,512,3058,0,0
2017-08-08,22,961,258,173,504,3219,0,0
2017-08-08,23,962,256,172,437,3280,0,0
2017-08-08,24,962,250,173,403,2925,0,0
2017-08-09,1,963,248,176,362,2848,0,0
2017-08-09,2,964,247,176,347,2893,0,0
2017-08-09,3,964,243,175,358,2782,0,0
2017-08-09,4,966,249,175,350,2622,0,0
2017-08-09,5,966,252,175,363,2476,0,0
2017-08-09,6,967,254,173,363,2348,0,0
2017-08-09,7,966,257,171,393,2094,414,0
2017-08-09,8,965,259,164,378,1823,3288,97
2017-08-09,9,962,261,157,400,1650,6363,405
2017-08-09,10,962,262,157,449,1471,7651,479
2017-08-09,11,936,261,157,444,1167,8277,450
2017-08-09,12,917,260,163,461,1128,8575,493
2017-08-09,13,905,259,165,463,1151,8549,527
2017-08-09,14,908,261,167,465,1389,8459,400
2017-08-09,15,912,260,165,500,1815,8336,447
2017-08-09,16,915,261,165,535,2291,8068,606
2017-08-09,17,917,261,166,580,2726,7358,614
2017-08-09,18,914,256,165,581,3064,6003,547
2017-08-09,19,919,258,162,614,3166,2885,322
2017-08-09,20,952,258,165,614,3154,315,30
2017-08-09,21,960,259,165,597,3431,0,0
2017-08-09,22,962,258,165,519,3626,0,0
2017-08-09,23,964,257,165,486,3823,0,0
2017-08-09,24,966,255,166,473,3774,0,0
2017-08-10,1,967,254,166,370,3574,0,0
2017-08-10,2,966,252,166,359,3490,0,0
2017-08-10,3,967,254,165,365,3242,0,0
2017-08-10,4,967,255,165,367,2806,0,0
2017-08-10,5,968,253,165,380,2377,0,0
2017-08-10,6,969,251,165,399,2105,0,0
2017-08-10,7,971,255,165,412,1752,399,1
2017-08-10,8,970,259,162,397,1399,3251,160
2017-08-10,9,966,259,163,370,1073,6345,435
2017-08-10,10,961,259,162,422,762,7455,542
2017-08-10,11,938,260,164,432,527,8359,566
2017-08-10,12,932,262,162,451,440,8632,620
2017-08-10,13,932,260,161,439,464,8557,636
2017-08-10,14,930,261,164,455,617,8279,610
2017-08-10,15,930,263,162,491,866,8140,445
2017-08-10,16,931,265,167,521,1313,7917,476
2017-08-10,17,931,264,177,570,1912,7068,602
2017-08-10,18,933,259,175,575,2473,5525,552
2017-08-10,19,944,259,179,581,2861,2535,316
2017-08-10,20,958,259,179,582,3351,246,5
2017-08-10,21,960,260,179,569,3240,0,0
2017-08-10,22,963,260,177,508,2777,0,0
2017-08-10,23,965,253,177,484,2549,0,0
2017-08-10,24,965,248,177,461,2520,0,0
2017-08-11,1,966,248,178,393,2479,0,0
2017-08-11,2,968,249,178,355,2322,0,0
2017-08-11,3,970,249,177,352,2305,0,0
2017-08-11,4,970,251,178,352,2320,0,0
2017-08-11,5,971,253,178,352,2104,0,0
2017-08-11,6,972,253,178,368,2017,0,0
2017-08-11,7,972,256,178,430,1839,319,0
2017-08-11,8,970,258,178,426,1249,2991,141
2017-08-11,9,968,260,180,428,748,6233,404
2017-08-11,10,963,260,179,448,422,7790,520
2017-08-11,11,927,258,174,449,311,8584,552
2017-08-11,12,919,256,169,456,211,8870,519
2017-08-11,13,918,257,174,457,254,8551,302
2017-08-11,14,916,260,180,473,349,8427,284
2017-08-11,15,916,260,179,511,615,8423,273
2017-08-11,16,916,259,179,578,999,7917,268
2017-08-11,17,916,261,179,618,1642,7489,267
2017-08-11,18,915,258,179,614,2127,5999,255
2017-08-11,19,937,258,179,615,2485,2839,140
2017-08-11,20,957,258,179,612,2914,366,0
2017-08-11,21,960,258,179,602,3205,45,0
2017-08-11,22,962,258,179,535,3347,0,0
2017-08-11,23,966,247,178,488,3274,0,0
2017-08-11,24,971,237,178,456,3056,0,0
2017-08-12,1,971,234,177,413,2822,0,0
2017-08-12,2,972,233,178,423,2813,0,0
2017-08-12,3,974,234,178,441,2625,0,0
2017-08-12,4,973,234,178,399,2483,0,0
2017-08-12,5,975,233,178,370,2491,0,0
2017-08-12,6,976,236,178,398,2302,0,0
2017-08-12,7,977,241,178,412,2317,308,0
2017-08-12,8,976,240,179,381,2323,2941,86
2017-08-12,9,974,239,180,372,1898,6338,362
2017-08-12,10,971,239,180,392,1171,7876,530
2017-08-12,11,968,239,180,428,890,8575,542
2017-08-12,12,966,238,180,443,848,8781,452
2017-08-12,13,964,239,180,443,965,8739,483
2017-08-12,14,963,240,179,470,1251,8882,526
2017-08-12,15,963,244,174,540,1739,8739,556
2017-08-12,16,964,244,172,542,2141,8094,564
2017-08-12,17,962,244,172,566,2799,7370,551
2017-08-12,18,961,243,178,606,3065,5651,491
2017-08-12,19,962,244,179,607,2919,2631,271
2017-08-12,20,965,243,176,606,2810,254,2
2017-08-12,21,968,241,173,554,3032,0,0
2017-08-12,22,973,242,177,520,3123,0,0
2017-08-12,23,974,240,176,485,3146,0,0
2017-08-12,24,973,237,175,436,3237,0,0
2017-08-13,1,974,240,177,390,3416,0,0
2017-08-13,2,976,239,178,357,3032,0,0
2017-08-13,3,976,240,178,382,2861,0,0
2017-08-13,4,976,240,179,386,2863,0,0
2017-08-13,5,978,239,178,389,2663,0,0
2017-08-13,6,978,239,178,392,2312,0,0
2017-08-13,7,979,243,178,400,1897,343,0
2017-08-13,8,978,243,179,356,1575,3268,78
2017-08-13,9,976,244,179,358,1324,6478,421
2017-08-13,10,973,244,179,388,1323,7688,544
2017-08-13,11,970,247,175,382,1308,8660,565
2017-08-13,12,967,249,175,421,1221,8950,550
2017-08-13,13,964,246,176,436,1319,8914,524
2017-08-13,14,963,248,176,432,1875,8857,553
2017-08-13,15,962,249,176,486,2427,8704,562
2017-08-13,16,963,247,176,509,3009,8427,561
2017-08-13,17,965,247,176,594,3374,7622,536
2017-08-13,18,965,244,177,571,3372,5976,461
2017-08-13,19,967,244,178,609,3273,2771,250
2017-08-13,20,968,246,178,616,3350,259,0
2017-08-13,21,970,246,178,604,3139,0,0
2017-08-13,22,971,245,177,517,2890,0,0
2017-08-13,23,971,241,177,473,2907,0,0
2017-08-13,24,973,242,177,443,3130,0,0
2017-08-14,1,973,243,177,376,3229,0,0
2017-08-14,2,974,245,177,339,3505,0,0
2017-08-14,3,974,250,178,352,3346,0,0
2017-08-14,4,975,251,178,351,3100,0,0
2017-08-14,5,975,251,178,351,2854,0,0
2017-08-14,6,978,251,176,388,3342,0,0
2017-08-14,7,975,253,175,409,3335,364,0
2017-08-14,8,946,255,175,390,3194,3417,36
2017-08-14,9,942,257,177,387,3006,6557,349
2017-08-14,10,941,249,177,403,3043,7498,532
2017-08-14,11,919,247,176,418,2711,8269,556
2017-08-14,12,910,248,174,440,2667,8955,601
2017-08-14,13,921,248,174,449,3096,8957,646
2017-08-14,14,932,249,174,473,3504,8901,641
2017-08-14,15,920,247,174,479,3849,8796,636
2017-08-14,16,912,250,173,505,3842,8613,448
2017-08-14,17,904,250,175,511,3780,7608,314
2017-08-14,18,926,248,175,522,3791,6147,271
2017-08-14,19,946,247,175,540,3690,2789,145
2017-08-14,20,958,248,175,578,3433,242,0
2017-08-14,21,961,249,175,540,3294,0,0
2017-08-14,22,962,249,174,526,3249,0,0
2017-08-14,23,963,242,173,447,3335,0,0
2017-08-14,24,964,239,174,435,3160,0,0
2017-08-15,1,965,237,175,416,2912,0,0
2017-08-15,2,965,237,175,401,2570,0,0
2017-08-15,3,966,240,175,399,2567,0,0
2017-08-15,4,966,241,175,359,2633,0,0
2017-08-15,5,966,241,175,368,2381,0,0
2017-08-15,6,967,241,175,404,2443,0,0
2017-08-15,7,968,243,175,415,2889,311,0
2017-08-15,8,967,244,172,409,2927,3104,0
2017-08-15,9,961,246,173,394,2849,6548,91
2017-08-15,10,934,248,172,394,2637,8046,298
2017-08-15,11,933,248,158,395,2386,8766,483
2017-08-15,12,931,248,156,416,2205,9180,603
2017-08-15,13,930,248,157,423,2396,9239,648
2017-08-15,14,935,247,157,430,2684,9202,651
2017-08-15,15,936,247,158,442,3090,9135,646
2017-08-15,16,935,249,158,495,3406,8778,632
2017-08-15,17,935,249,158,536,3770,8053,617
2017-08-15,18,936,248,161,541,3837,6403,523
2017-08-15,19,957,248,172,547,3872,2851,287
2017-08-15,20,966,249,175,581,4091,257,19
2017-08-15,21,968,247,175,550,4211,0,0
2017-08-15,22,970,248,174,503,4087,0,0
2017-08-15,23,972,241,174,440,3806,0,0
2017-08-15,24,972,240,174,413,3571,0,0
2017-08-16,1,973,238,174,405,3554,0,0
2017-08-16,2,974,238,175,361,3434,0,0
2017-08-16,3,974,238,175,371,3380,0,0
2017-08-16,4,974,239,175,376,3334,0,0
2017-08-16,5,974,238,175,394,3123,0,0
2017-08-16,6,975,231,175,410,2842,0,0
2017-08-16,7,974,230,174,435,2516,336,0
2017-08-16,8,972,230,174,430,2185,3139,111
2017-08-16,9,969,231,173,419,1797,6535,407
2017-08-16,10,966,232,173,420,1441,7800,541
2017-08-16,11,941,234,173,424,1131,8693,561
2017-08-16,12,936,227,174,441,1030,9002,623
2017-08-16,13,934,231,173,460,1023,9035,651
2017-08-16,14,933,230,173,444,930,9090,647
2017-08-16,15,932,230,174,462,882,9045,651
2017-08-16,16,932,231,173,508,1063,8662,644
2017-08-16,17,933,230,174,508,1294,7888,622
2017-08-16,18,934,231,174,537,1423,6193,562
2017-08-16,19,952,230,173,531,1996,2685,305
2017-08-16,20,964,230,174,558,2967,237,9
2017-08-16,21,967,229,174,551,3321,0,0
2017-08-16,22,968,224,171,501,3309,0,0
2017-08-16,23,963,208,173,441,3004,0,0
2017-08-16,24,969,206,173,435,2924,0,0
2017-08-17,1,970,198,173,422,2894,0,0
2017-08-17,2,972,198,173,363,2800,0,0
2017-08-17,3,972,199,173,353,2680,0,0
2017-08-17,4,971,199,174,352,2510,0,0
2017-08-17,5,938,199,173,358,2216,0,0
2017-08-17,6,904,199,173,421,1775,0,0
2017-08-17,7,901,201,173,446,1406,311,0
2017-08-17,8,900,201,174,439,1089,3048,144
2017-08-17,9,900,203,172,418,916,6457,375
2017-08-17,10,895,201,171,399,776,7951,456
2017-08-17,11,866,201,172,424,613,8643,476
2017-08-17,12,867,201,174,464,578,8968,544
2017-08-17,13,870,206,173,483,557,9016,646
2017-08-17,14,870,207,173,503,618,9019,648
2017-08-17,15,872,206,172,498,712,8925,643
2017-08-17,16,929,213,172,476,848,8536,637
2017-08-17,17,930,217,174,479,1242,7739,623
2017-08-17,18,930,220,174,515,1528,5977,571
2017-08-17,19,944,232,176,570,2455,2497,296
2017-08-17,20,958,243,176,579,2981,190,6
2017-08-17,21,962,247,175,537,3359,0,0
2017-08-17,22,965,246,174,470,3389,0,0
2017-08-17,23,967,243,175,431,3371,0,0
2017-08-17,24,968,238,176,426,3389,0,0
2017-08-18,1,969,240,175,398,3389,0,0
2017-08-18,2,969,236,176,353,3319,0,0
2017-08-18,3,971,238,177,353,3281,0,0
2017-08-18,4,974,241,177,353,2948,0,0
2017-08-18,5,975,239,176,360,2737,0,0
2017-08-18,6,975,239,176,396,2169,0,0
2017-08-18,7,972,242,176,417,1814,276,0
2017-08-18,8,971,243,173,415,1541,2930,132
2017-08-18,9,967,247,174,403,1313,6377,339
2017-08-18,10,962,248,175,437,858,7945,430
2017-08-18,11,940,250,175,435,560,8729,441
2017-08-18,12,934,247,175,472,491,9054,489
2017-08-18,13,931,247,174,460,500,9114,516
2017-08-18,14,930,247,175,457,472,9074,518
2017-08-18,15,930,246,174,454,459,8960,516
2017-08-18,16,930,248,174,471,476,8551,513
2017-08-18,17,930,247,174,493,630,7776,512
2017-08-18,18,930,245,173,541,1007,6055,481
2017-08-18,19,945,246,174,565,1925,2521,267
2017-08-18,20,958,247,174,576,3085,188,1
2017-08-18,21,961,247,176,519,3558,0,0
2017-08-18,22,963,246,174,463,3758,0,0
2017-08-18,23,964,239,174,435,3760,0,0
2017-08-18,24,966,238,175,484,3478,0,0
2017-08-19,1,969,237,175,455,3355,0,0
2017-08-19,2,970,238,175,435,3174,0,0
2017-08-19,3,972,239,176,419,2899,0,0
2017-08-19,4,971,237,176,391,2558,0,0
2017-08-19,5,969,239,176,382,2364,0,0
2017-08-19,6,969,235,176,385,2191,0,0
2017-08-19,7,969,240,176,434,1856,244,0
2017-08-19,8,967,231,177,445,1580,2861,149
2017-08-19,9,967,229,177,389,1184,6376,426
2017-08-19,10,964,228,174,390,1034,7970,543
2017-08-19,11,961,229,176,392,918,8694,562
2017-08-19,12,959,233,176,409,775,9062,562
2017-08-19,13,958,241,176,432,773,9086,525
2017-08-19,14,957,240,177,447,943,8972,468
2017-08-19,15,957,241,176,456,1247,8803,555
2017-08-19,16,959,244,176,512,1656,8567,562
2017-08-19,17,959,254,176,516,1956,7537,531
2017-08-19,18,960,254,175,532,2308,5809,453
2017-08-19,19,961,253,176,607,2374,2242,223
2017-08-19,20,963,253,176,605,2631,123,0
2017-08-19,21,965,254,175,555,2767,0,0
2017-08-19,22,966,249,173,475,2723,0,0
2017-08-19,23,970,248,174,419,2964,0,0
2017-08-19,24,970,248,175,411,2931,0,0
2017-08-20,1,970,248,175,427,2792,0,0
2017-08-20,2,971,247,175,441,2717,0,0
2017-08-20,3,970,248,176,407,2487,0,0
2017-08-20,4,969,248,177,364,2166,0,0
2017-08-20,5,969,247,176,374,2079,0,0
2017-08-20,6,970,248,176,396,1817,0,0
2017-08-20,7,971,251,176,398,1625,200,0
2017-08-20,8,969,251,176,390,1484,2753,168
2017-08-20,9,965,249,177,390,1309,6160,414
2017-08-20,10,962,248,176,391,1015,7914,535
2017-08-20,11,963,245,177,394,960,8723,565
2017-08-20,12,963,250,176,391,935,9053,565
2017-08-20,13,961,249,177,436,990,9037,565
2017-08-20,14,961,245,177,452,1130,8995,505
2017-08-20,15,960,244,177,483,1186,8775,549
2017-08-20,16,959,253,177,494,1128,8341,339
2017-08-20,17,959,254,176,482,1625,7519,213
2017-08-20,18,960,254,176,486,1899,5616,185
2017-08-20,19,961,254,177,616,2212,2201,88
2017-08-20,20,963,257,175,631,2350,140,0
2017-08-20,21,964,254,160,612,2263,0,0
2017-08-20,22,966,253,157,511,2388,0,0
2017-08-20,23,969,250,156,478,2187,0,0
2017-08-20,24,970,249,156,463,2087,0,0
2017-08-21,1,971,245,164,406,2032,0,0
2017-08-21,2,971,246,174,408,2056,0,0
2017-08-21,3,971,248,175,406,1912,0,0
2017-08-21,4,972,250,175,415,1808,0,0
2017-08-21,5,972,251,175,405,1771,0,0
2017-08-21,6,973,250,175,412,1681,0,0
2017-08-21,7,972,254,175,441,1560,174,0
2017-08-21,8,971,256,174,442,1559,2376,0
2017-08-21,9,969,259,174,495,1582,5484,86
2017-08-21,10,965,258,169,463,1534,5312,141
2017-08-21,11,945,260,172,451,1372,3503,110
2017-08-21,12,939,259,176,457,1297,6329,201
2017-08-21,13,936,256,176,460,1308,8700,472
2017-08-21,14,936,257,176,468,1496,8857,527
2017-08-21,15,936,260,177,471,1584,8732,598
2017-08-21,16,936,262,175,501,1620,7983,395
2017-08-21,17,936,260,176,486,1649,7020,262
2017-08-21,18,935,258,174,528,1580,5329,228
2017-08-21,19,955,258,172,610,1644,2193,119
2017-08-21,20,964,255,172,604,1845,114,0
2017-08-21,21,967,247,171,583,2358,0,0
2017-08-21,22,970,235,171,484,2282,0,0
2017-08-21,23,970,230,171,436,1840,0,0
2017-08-21,24,971,228,172,423,1620,0,0
2017-08-22,1,972,228,172,368,1445,0,0
2017-08-22,2,972,225,172,382,1338,0,0
2017-08-22,3,972,228,172,393,1219,0,0
2017-08-22,4,972,228,172,389,1188,0,0
2017-08-22,5,972,226,172,384,1065,0,0
2017-08-22,6,972,227,173,373,944,0,0
2017-08-22,7,971,230,171,379,853,197,0
2017-08-22,8,968,233,165,423,659,2792,101
2017-08-22,9,965,235,166,428,579,6032,430
2017-08-22,10,961,235,166,400,382,7673,555
2017-08-22,11,939,237,165,411,343,8599,580
2017-08-22,12,935,236,167,434,336,8822,627
2017-08-22,13,931,237,168,451,382,8965,634
2017-08-22,14,933,238,165,463,608,8963,479
2017-08-22,15,934,238,166,465,487,8746,481
2017-08-22,16,934,239,169,489,598,8182,513
2017-08-22,17,936,238,173,539,755,7451,467
2017-08-22,18,935,235,175,552,826,5630,361
2017-08-22,19,914,237,176,604,1357,2182,157
2017-08-22,20,957,235,176,610,1666,167,0
2017-08-22,21,965,233,177,622,2017,19,0
2017-08-22,22,967,236,176,502,2096,21,0
2017-08-22,23,970,227,176,451,1903,0,0
2017-08-22,24,1087,220,177,448,1820,0,0
2017-08-23,1,1199,219,178,381,1791,0,0
2017-08-23,2,1200,219,178,357,1876,0,0
2017-08-23,3,1199,228,178,392,1661,0,0
2017-08-23,4,1198,227,178,395,1436,0,0
2017-08-23,5,1193,229,178,375,1189,0,0
2017-08-23,6,1191,230,178,431,1106,0,0
2017-08-23,7,1192,230,178,475,1156,171,0
2017-08-23,8,1187,231,175,465,1071,2237,26
2017-08-23,9,1177,234,173,432,995,5235,162
2017-08-23,10,1173,237,172,416,763,7677,394
2017-08-23,11,1175,237,173,432,633,8405,469
2017-08-23,12,1174,235,171,458,482,8681,572
2017-08-23,13,1126,236,167,453,508,8664,454
2017-08-23,14,1110,237,172,471,641,8560,286
2017-08-23,15,1112,236,175,476,861,8194,275
2017-08-23,16,1111,248,175,521,1224,7592,258
2017-08-23,17,1161,392,176,526,1963,6867,265
2017-08-23,18,1175,392,177,575,2411,5246,254
2017-08-23,19,1181,391,178,604,2748,2010,110
2017-08-23,20,1183,391,178,606,3181,89,0
2017-08-23,21,1192,390,177,573,3422,0,0
2017-08-23,22,1201,392,175,495,3189,0,0
2017-08-23,23,1207,377,175,454,3368,0,0
2017-08-23,24,1211,371,175,458,3358,0,0
2017-08-24,1,1213,365,172,388,3180,0,0
2017-08-24,2,1213,366,174,363,3083,0,0
2017-08-24,3,1210,372,178,390,3025,0,0
2017-08-24,4,1212,348,179,396,2911,0,0
2017-08-24,5,1212,355,179,382,2838,0,0
2017-08-24,6,1213,360,179,366,2445,0,0
2017-08-24,7,1212,366,178,437,1759,178,0
2017-08-24,8,1208,367,178,433,1574,2572,0
2017-08-24,9,1200,382,179,440,1559,6085,85
2017-08-24,10,1196,393,178,428,1178,7758,223
2017-08-24,11,1192,394,177,409,1047,8609,310
2017-08-24,12,1185,388,178,413,1073,8864,517
2017-08-24,13,1184,389,178,433,1112,8897,644
2017-08-24,14,1181,391,178,429,1138,8802,650
2017-08-24,15,1177,393,179,430,1186,8481,655
2017-08-24,16,1176,395,178,449,1333,8005,625
2017-08-24,17,1176,393,178,449,1637,7250,628
2017-08-24,18,1175,393,176,466,2181,5298,517
2017-08-24,19,1178,393,177,543,2481,1989,151
2017-08-24,20,1182,393,177,617,2729,89,8
2017-08-24,21,1187,391,177,568,3034,0,0
2017-08-24,22,1193,388,176,490,2863,0,0
2017-08-24,23,1198,382,176,458,2561,0,0
2017-08-24,24,1201,373,177,445,2429,0,0
2017-08-25,1,1202,373,177,423,2583,0,0
2017-08-25,2,1205,369,177,414,2334,0,0
2017-08-25,3,1206,372,178,382,1938,0,0
2017-08-25,4,1207,373,178,385,1745,0,0
2017-08-25,5,1208,378,178,381,1536,0,0
2017-08-25,6,1207,383,177,427,869,0,0
2017-08-25,7,1206,387,177,444,616,192,0
2017-08-25,8,1202,388,177,446,359,2699,132
2017-08-25,9,1196,391,177,436,187,6336,408
2017-08-25,10,1192,391,177,449,145,7877,539
2017-08-25,11,1189,392,178,477,139,8313,561
2017-08-25,12,1192,394,178,471,143,8762,627
2017-08-25,13,1189,390,176,491,214,8911,629
2017-08-25,14,1185,392,176,492,210,8859,446
2017-08-25,15,1173,393,175,467,283,8182,249
2017-08-25,16,1175,393,169,521,339,7576,220
2017-08-25,17,1175,395,169,523,329,6851,192
2017-08-25,18,1178,392,168,557,347,4934,196
2017-08-25,19,1185,389,169,601,642,1747,69
2017-08-25,20,1188,390,170,603,1191,56,0
2017-08-25,21,1192,383,163,567,1757,0,0
2017-08-25,22,1197,380,158,471,1674,0,0
2017-08-25,23,1202,365,157,443,1513,0,0
2017-08-25,24,1204,358,159,436,1447,0,0
2017-08-26,1,1206,359,159,400,1445,0,0
2017-08-26,2,1210,357,159,360,1438,0,0
2017-08-26,3,1211,354,158,354,1381,0,0
2017-08-26,4,1214,365,149,351,1115,0,0
2017-08-26,5,1215,366,149,346,778,0,0
2017-08-26,6,1211,367,149,372,473,0,0
2017-08-26,7,1208,369,150,424,315,165,0
2017-08-26,8,1206,365,150,380,206,2569,54
2017-08-26,9,1199,362,148,353,121,6236,392
2017-08-26,10,1191,362,150,351,94,7866,544
2017-08-26,11,1187,363,158,401,56,8583,563
2017-08-26,12,1187,354,151,397,65,8939,557
2017-08-26,13,1188,353,148,415,118,8894,465
2017-08-26,14,1186,360,157,436,230,8747,541
2017-08-26,15,1184,362,155,440,221,8357,409
2017-08-26,16,1182,361,155,460,178,8107,222
2017-08-26,17,1180,359,154,460,205,7208,193
2017-08-26,18,1176,359,153,524,543,5431,229
2017-08-26,19,1176,359,156,568,713,1916,113
2017-08-26,20,1171,361,155,533,903,63,0
2017-08-26,21,1160,360,156,533,1015,0,0
2017-08-26,22,1192,345,153,480,1158,0,0
2017-08-26,23,1190,333,154,432,1278,0,0
2017-08-26,24,1181,331,155,412,1383,0,0
2017-08-27,1,1179,330,156,373,1275,0,0
2017-08-27,2,1185,328,157,375,1539,0,0
2017-08-27,3,1187,329,157,372,1607,0,0
2017-08-27,4,1186,325,157,359,1419,0,0
2017-08-27,5,1188,331,158,383,1117,0,0
2017-08-27,6,1191,336,158,357,1074,0,0
2017-08-27,7,1191,344,158,389,862,112,0
2017-08-27,8,1185,343,159,394,455,2441,33
2017-08-27,9,1175,341,159,391,283,5922,32
2017-08-27,10,1168,350,158,394,156,7623,145
2017-08-27,11,1169,362,158,409,82,8529,381
2017-08-27,12,1168,360,158,436,74,8815,550
2017-08-27,13,1168,361,156,455,178,8858,548
2017-08-27,14,1169,361,154,457,221,8519,271
2017-08-27,15,1167,360,152,452,277,8221,183
2017-08-27,16,1165,359,151,490,337,7802,176
2017-08-27,17,1163,358,154,482,502,6717,183
2017-08-27,18,1160,357,144,499,816,5187,162
2017-08-27,19,1161,358,126,577,1191,1790,65
2017-08-27,20,1166,360,127,577,1502,38,0
2017-08-27,21,1169,360,127,571,1738,0,0
2017-08-27,22,1171,360,130,470,2037,0,0
2017-08-27,23,1173,353,143,426,2106,0,0
2017-08-27,24,1176,348,155,428,2039,0,0
2017-08-28,1,1179,349,158,392,1937,0,0
2017-08-28,2,1180,349,156,378,1764,0,0
2017-08-28,3,1181,349,156,341,1526,0,0
2017-08-28,4,1183,349,158,328,1364,0,0
2017-08-28,5,1186,353,157,330,1137,0,0
2017-08-28,6,1189,356,157,389,1035,0,0
2017-08-28,7,1188,358,157,420,699,106,0
2017-08-28,8,1186,363,156,422,444,2317,0
2017-08-28,9,1181,365,154,423,255,5765,94
2017-08-28,10,1178,362,140,429,186,7135,249
2017-08-28,11,1173,365,148,427,121,8259,267
2017-08-28,12,1156,363,153,408,124,8441,303
2017-08-28,13,1153,366,153,442,205,8601,267
2017-08-28,14,1152,365,154,451,220,8630,374
2017-08-28,15,1151,365,150,456,285,8247,322
2017-08-28,16,1150,365,152,495,291,7459,271
2017-08-28,17,1150,365,155,493,411,6646,232
2017-08-28,18,1150,364,154,525,649,4720,211
2017-08-28,19,1157,364,153,567,872,1554,90
2017-08-28,20,1165,366,157,566,1291,77,0
2017-08-28,21,1168,365,157,542,1224,0,0
2017-08-28,22,1169,362,156,435,1232,0,0
2017-08-28,23,1175,353,155,413,1419,0,0
2017-08-28,24,1181,347,156,423,1375,0,0
2017-08-29,1,1181,340,156,324,1551,0,0
2017-08-29,2,1182,338,156,326,1556,0,0
2017-08-29,3,1183,337,156,337,1325,0,0
2017-08-29,4,1185,339,156,313,1158,0,0
2017-08-29,5,1190,344,156,320,1209,0,0
2017-08-29,6,1194,351,157,331,1209,0,0
2017-08-29,7,1196,359,155,382,1126,121,0
2017-08-29,8,1194,363,153,380,1164,2291,0
2017-08-29,9,1187,364,153,346,903,5854,66
2017-08-29,10,1189,367,157,356,711,7469,296
2017-08-29,11,1186,371,160,394,728,8317,449
2017-08-29,12,1180,377,164,417,709,8648,516
2017-08-29,13,1177,376,164,432,726,8499,527
2017-08-29,14,1175,375,163,458,823,8042,255
2017-08-29,15,1172,372,162,488,1100,6820,264
2017-08-29,16,1172,373,160,561,1467,5512,220
2017-08-29,17,1173,373,159,552,1941,5210,194
2017-08-29,18,1175,369,162,554,1430,4063,189
2017-08-29,19,1180,369,164,561,1562,1352,81
2017-08-29,20,1190,368,166,556,1590,21,17
2017-08-29,21,1197,365,168,493,1855,0,19
2017-08-29,22,1200,374,167,438,1905,0,19
2017-08-29,23,1205,363,167,366,1841,0,11
2017-08-29,24,1207,355,166,366,1915,0,0
2017-08-30,1,1208,353,165,350,2256,0,0
2017-08-30,2,1209,361,167,336,2352,0,0
2017-08-30,3,1210,365,167,318,2238,0,0
2017-08-30,4,1209,369,167,304,2151,0,0
2017-08-30,5,1205,373,166,291,2048,0,0
2017-08-30,6,1209,378,165,357,1806,0,0
2017-08-30,7,1212,385,166,382,1539,92,0
2017-08-30,8,1212,390,165,389,1363,2143,1
2017-08-30,9,1203,391,163,359,1280,5382,230
2017-08-30,10,1197,373,162,360,845,7173,394
2017-08-30,11,1188,385,162,365,689,7889,340
2017-08-30,12,1179,388,163,386,700,8548,590
2017-08-30,13,1176,389,162,427,630,8569,506
2017-08-30,14,1171,389,162,434,627,8202,308
2017-08-30,15,1167,390,160,475,806,7259,215
2017-08-30,16,1165,390,161,553,1475,6637,183
2017-08-30,17,1165,394,162,574,1347,5812,179
2017-08-30,18,1167,390,163,558,1450,4347,150
2017-08-30,19,1174,390,165,561,1674,1350,60
2017-08-30,20,1182,391,167,558,1285,12,20
2017-08-30,21,1187,391,167,486,1167,0,20
2017-08-30,22,1189,391,166,446,1347,0,21
2017-08-30,23,1192,379,165,378,1334,0,21
2017-08-30,24,1197,372,165,375,1187,0,21
2017-08-31,1,1200,368,163,365,1146,0,0
2017-08-31,2,1200,368,165,342,1045,0,0
2017-08-31,3,1194,368,165,308,804,0,0
2017-08-31,4,1192,371,165,309,691,0,0
2017-08-31,5,1189,374,165,308,664,0,0
2017-08-31,6,1191,377,165,361,434,0,0
2017-08-31,7,1194,383,165,381,320,93,0
2017-08-31,8,1191,387,165,384,259,2238,0
2017-08-31,9,1185,387,166,383,226,5535,106
2017-08-31,10,1181,388,167,384,349,7105,132
2017-08-31,11,1174,389,165,391,339,7768,84
2017-08-31,12,1170,386,163,392,363,8374,127
2017-08-31,13,1167,386,164,427,340,8648,186
2017-08-31,14,1165,390,163,425,295,8611,398
2017-08-31,15,1119,389,160,453,265,8307,373
2017-08-31,16,1109,387,159,537,274,6417,246
2017-08-31,17,1111,387,160,539,297,5270,226
2017-08-31,18,1111,383,161,549,1045,3488,208
2017-08-31,19,1112,383,162,563,1087,1156,49
2017-08-31,20,1145,383,163,564,991,26,0
2017-08-31,21,1173,378,165,493,637,0,0
2017-08-31,22,1178,363,164,453,526,0,0
2017-08-31,23,1183,351,163,384,457,0,0
2017-08-31,24,1187,343,162,380,678,0,0
